climate_change_impact_on_agriculture_2024;;;;;;;;;;
Year;Country;Region;Crop_Type;Average_Temperature_C;Total_Precipitation_mm;CO2_Emissions_MT;Crop_Yield_MT_per_HA;Extreme_Weather_Events;Irrigation_Access_%;Soil_Health_Index
2024;China;North;Corn;Mar.23;2913.57;29.82;17.369.999.999.999.900;8;11.May;54.02
2018;Nigeria;North West;Barley;21.23;475.32;25.74;765;1;25.74;84.21
2018;Brazil;North;Barley;20.83;2639.04;6.Oca;Mar.64;10;52.71;88.14
2020;Australia;Western Australia;Sugarcane;17.77;1743.11;13.69;Oca.69;2;23.95;42.34
2024;USA;South;Wheat;Ara.18;1647.58;19.Oca;1.872;8;36.61;52.18
2022;China;South;Barley;Haz.49;2719.06;23.76;873;10;40.98;76.68
2014;Russia;Central;Rice;29.17;1405.59;Ağu.17;Oca.81;6;32.18;75.47
2024;Brazil;Southeast;Rice;-0.91;916.1;Ara.26;0.56;1;31.21;78.33
2016;Brazil;Northeast;Soybeans;32.37;1103.04;22.53;14.040.000.000.000.000;1;66.03;56.97
2022;China;South;Wheat;-0.34;2967.32;16.84;1.557;0;81.07;64.16
2016;Nigeria;South East;Barley;15.75;2128.68;20.97;3.483;1;79.63;62.68
2018;Nigeria;South East;Soybeans;Nis.57;494.92;16.Ağu;2.043;6;75.74;77.74
2014;Australia;Queensland;Rice;Eyl.68;2510.94;25.0;19.080.000.000.000.000;8;49.68;81.83
2016;Australia;Queensland;Rice;24.16;1676.06;23.13;13.860.000.000.000.000;10;88.89;58.99
2014;Nigeria;North West;Barley;-2.66;2392.65;Haz.35;1.Mar;2;15.36;58.38
2016;Nigeria;North Central;Corn;Eki.21;1705.08;Tem.53;Nis.64;1;62.81;39.89
2022;Brazil;North;Barley;17.Eyl;2948.08;17.69;29.339.999.999.999.900;2;51.74;32.34
2014;Australia;Western Australia;Barley;Kas.97;925.85;18.Mar;4.104;3;57.32;30.69
2018;China;South;Soybeans;-3.26;2404.68;28.73;657;0;92.93;94.5
2014;Nigeria;South East;Fruits;27.59;1314.12;25.65;11.520.000.000.000.000;4;66.76;65.8
2014;Australia;Queensland;Corn;16.Şub;2682.47;Mar.88;Mar.98;6;74.93;78.83
2024;China;Central;Rice;34.18;2247.4;27.31;Mar.33;7;21.Tem;69.96
2016;Russia;Siberian;Fruits;27.23;481.89;Şub.87;2.403;10;79.43;34.15
2018;USA;Northeast;Barley;26.81;1496.37;24.25;12.240.000.000.000.000;2;47.67;54.11
2022;Nigeria;North Central;Rice;22.94;658.01;17.28;2.547;5;88.58;67.19
2016;Nigeria;South West;Coffee;1.Mar;884.03;Haz.75;1.Nis;0;87.34;99.45
2022;Australia;Queensland;Barley;31.16;998.03;21.35;1.305;3;86.93;42.06
2014;Nigeria;South West;Barley;28.Tem;1342.69;Oca.94;0.84;5;95.15;48.67
2018;Nigeria;North West;Barley;17.25;2237.11;Tem.82;Mar.81;0;29.Nis;31.13
2014;Nigeria;South East;Soybeans;Eyl.78;2308.31;28.63;1.755;0;99.05;64.62
2024;USA;Northeast;Coffee;5.Kas;974.91;14.66;Oca.54;0;14.41;39.63
2016;Brazil;North;Wheat;Ara.62;2892.79;21.43;2.394;5;54.46;65.05
2024;Nigeria;South East;Coffee;28.Ağu;966.11;6.May;Oca.13;2;76.96;53.95
2018;Nigeria;North West;Cotton;25.86;2566.62;11.Haz;0.86;7;30.32;68.53
2024;USA;Midwest;Wheat;Ağu.23;1855.61;Kas.92;2.Eyl;7;72.26;82.6
2022;Brazil;Northeast;Barley;Ara.13;1417.15;26.27;2.718;10;54.98;34.58
2016;Nigeria;South East;Rice;30.51;731.17;22.29;873;8;44.38;33.23
2018;Brazil;Northeast;Coffee;33.21;1670.4;29.62;2.007;4;52.3;37.69
2016;China;East;Vegetables;32.18;658.12;May.14;3.Nis;4;49.87;98.69
2014;China;North;Wheat;Nis.52;2955.14;Haz.26;0.87;4;27.88;66.79
2022;Nigeria;South West;Coffee;-2.81;2656.82;Kas.71;0.79;1;50.58;97.68
2022;Russia;Central;Rice;-4.56;1574.67;24.44;1.341;5;33.21;92.26
2024;Brazil;South;Rice;20.92;599.62;19.83;2.727;9;52.75;32.31
2020;Russia;Volga;Rice;-0.52;811.78;0.74;Şub.64;7;59.42;40.57
2022;Russia;Siberian;Vegetables;28.95;2435.42;28.19;1.449;7;15.27;62.44
2022;Australia;New South Wales;Wheat;13.62;2332.71;Oca.33;Oca.84;6;54.88;44.65
2024;Nigeria;South East;Barley;13.41;2595.59;Nis.32;Mar.33;1;98.12;35.46
2018;Nigeria;South East;Wheat;25.19;2636.93;17.66;17.189.999.999.999.900;10;26.Ara;36.89
2024;China;North;Vegetables;-3.81;790.4;23.82;1.575;4;78.21;32.34
2016;Russia;Volga;Cotton;Kas.87;875.46;29.94;19.800.000.000.000.000;6;74.34;72.94
2016;Brazil;North;Coffee;Kas.62;831.46;Eyl.47;Mar.93;0;55.3;56.56
2014;China;Central;Cotton;Oca.36;2090.77;Şub.93;1.0;8;38.22;50.96
2014;Brazil;Northeast;Soybeans;29.22;267.79;21.Ara;11.880.000.000.000.000;5;19.43;39.76
2022;USA;Northeast;Vegetables;34.16;245.45;Tem.46;1.584;8;93.99;71.5
2016;Brazil;Northeast;Soybeans;-4.0;1786.46;3.0;0.86;5;Kas.75;55.99
2020;Australia;Queensland;Soybeans;Kas.71;367.7;27.0;4.149;9;75.25;93.47
2024;Australia;Western Australia;Wheat;-1.42;2607.31;24.61;0.8190000000000001;10;53.64;69.96
2016;USA;South;Barley;32.52;1602.68;Haz.28;Şub.82;8;77.01;89.28
2016;Nigeria;North Central;Sugarcane;25.99;1371.02;9.Mar;Mar.57;8;99.17;53.02
2022;Australia;Queensland;Coffee;Eyl.96;1275.17;26.47;1.026;9;84.61;43.71
2020;Australia;New South Wales;Fruits;-0.33;2330.99;18.23;936;5;81.05;90.85
2018;Nigeria;South West;Vegetables;20.82;2691.5;27.Tem;2.385;4;31.34;83.63
2022;USA;West;Rice;24.96;1288.54;23.97;1.Ağu;5;25.89;35.73
2024;USA;Midwest;Cotton;Ağu.94;1150.19;Tem.48;2.Oca;9;34.13;38.38
2016;USA;South;Corn;24.84;1494.64;Eyl.98;Şub.88;2;39.58;67.76
2014;China;Central;Sugarcane;Mar.75;1682.38;23.95;1.233;8;33.73;82.35
2022;Brazil;South;Rice;Tem.47;1471.88;13.33;0.9;9;54.32;57.19
2024;Brazil;Northeast;Wheat;15.74;486.86;Nis.57;3.744;2;91.59;71.37
2014;Brazil;Southeast;Soybeans;Ağu.31;317.45;25.21;1.431;3;55.45;44.69
2014;Australia;Victoria;Wheat;10.May;1001.36;24.Şub;13.860.000.000.000.000;4;43.88;80.16
2022;Nigeria;South East;Soybeans;17.Tem;1240.11;13.78;Nis.32;7;86.69;59.28
2016;China;South;Cotton;27.Ağu;2616.43;Haz.98;Oca.84;10;96.21;84.09
2016;China;Central;Cotton;Oca.15;900.72;Nis.74;0.68;8;15.38;57.03
2018;USA;South;Cotton;Oca.25;1923.38;29.92;936;9;Eki.17;46.25
2014;Australia;New South Wales;Vegetables;28.Tem;2101.18;13.35;2.Şub;9;73.06;64.78
2014;Brazil;North;Vegetables;Kas.53;1399.96;Şub.38;Mar.56;10;79.9;67.89
2024;USA;Northeast;Vegetables;22.63;1078.54;17.56;2.952;2;14.95;49.96
2020;Brazil;Northeast;Barley;Nis.77;377.32;23.24;11.520.000.000.000.000;5;26.38;99.87
2022;Nigeria;South West;Cotton;19.Haz;982.35;24.78;4.068;1;44.15;88.14
2020;China;Central;Fruits;0.75;2063.83;20.Tem;1.764;10;Kas.54;80.76
2016;Australia;New South Wales;Wheat;25.68;2988.68;Oca.79;0.92;7;97.75;86.43
2022;USA;South;Wheat;22.59;454.66;17.28;3.375;9;17.19;42.02
2016;USA;Northeast;Soybeans;Ara.56;542.18;28.83;39.330.000.000.000.000;1;38.02;96.73
2020;USA;Midwest;Rice;28.96;2113.45;11.Tem;Mar.98;7;92.26;45.8
2018;Nigeria;South East;Sugarcane;9.Şub;1345.87;22.83;24.480.000.000.000.000;6;75.85;93.75
2016;Brazil;North;Vegetables;23.35;518.94;15.Şub;2.826;0;68.39;51.51
2024;Nigeria;North Central;Rice;31.92;1150.89;Kas.25;Oca.29;3;54.95;50.93
2014;Nigeria;South East;Sugarcane;Oca.52;1280.41;16.92;Şub.43;10;25.94;47.27
2018;Brazil;South;Vegetables;28.59;2579.43;May.59;Şub.75;8;31.89;48.39
2014;Brazil;North;Rice;29.23;669.87;28.96;1.026;10;10.Haz;74.9
2014;Australia;Queensland;Rice;13.17;2380.74;22.Mar;4.455;1;22.24;39.68
2024;Nigeria;North Central;Wheat;Oca.92;2577.95;11.Mar;Oca.77;5;25.33;39.26
2018;China;East;Sugarcane;26.74;1761.86;20.13;1.566;6;33.9;84.87
2024;China;Central;Coffee;Tem.47;602.94;16.99;2.Tem;6;18.43;83.89
2016;Australia;New South Wales;Sugarcane;-0.75;442.41;13.81;1.683;7;21.37;35.76
2016;Brazil;Southeast;Coffee;28.24;2593.9;23.88;29.339.999.999.999.900;8;45.6;52.67
2018;Nigeria;South West;Sugarcane;-1.22;644.93;Tem.64;Şub.56;4;28.36;83.39
2022;USA;Northeast;Soybeans;11.Ağu;311.46;26.64;2.898;10;89.29;74.98
2014;Australia;Western Australia;Soybeans;Tem.15;907.91;29.77;2.511;5;15.95;98.19
2016;Russia;Volga;Wheat;25.46;2474.02;May.46;Oca.91;5;38.95;68.21
2016;Australia;Queensland;Rice;17.25;2045.5;5.Ağu;Mar.83;2;85.66;86.16
2022;Australia;New South Wales;Corn;16.Şub;2806.85;Haz.35;3.May;9;43.43;77.4
2024;USA;West;Barley;33.15;2718.34;26.Eyl;1.512;3;32.51;54.72
2018;Nigeria;South West;Soybeans;16.67;1248.54;Nis.59;Oca.97;4;14.29;40.96
2014;Russia;Central;Vegetables;Şub.87;1547.39;Eyl.77;Şub.42;9;79.77;99.74
2024;Nigeria;South East;Cotton;Tem.79;269.37;18.54;17.009.999.999.999.900;6;97.24;66.89
2024;USA;Midwest;Vegetables;-1.01;1533.25;25.29;1.557;5;70.17;35.55
2024;Nigeria;South East;Soybeans;-1.73;2874.97;18.86;0.5670000000000001;3;69.12;49.08
2024;Australia;Western Australia;Sugarcane;14.46;1739.05;24.46;Oca.71;10;84.76;62.91
2016;Russia;Siberian;Sugarcane;13.48;2518.41;28.38;2.556;2;78.78;67.82
2022;Nigeria;North Central;Rice;Nis.34;2484.36;0.52;Oca.32;5;92.1;84.99
2020;China;Central;Sugarcane;-3.27;1596.69;23.69;522;10;26.53;46.75
2016;Russia;Volga;Corn;22.16;852.26;Ara.31;3.Oca;6;78.85;73.89
2016;Russia;Volga;Vegetables;-0.43;916.19;Kas.19;Oca.81;4;95.25;33.0
2024;Nigeria;South West;Barley;4.0;1449.75;0.89;Şub.69;5;96.84;78.43
2024;USA;Midwest;Coffee;22.Tem;1091.1;Eyl.21;Oca.13;9;50.83;40.65
2024;Australia;Victoria;Cotton;-3.85;378.13;Şub.78;2.394;10;64.24;50.01
2016;China;East;Fruits;15.28;1245.22;23.27;2.493;9;19.55;65.86
2014;USA;Northeast;Rice;Şub.22;655.18;18.Ağu;0.7020000000000001;3;40.7;64.71
2016;USA;West;Soybeans;Kas.83;1441.42;Mar.67;Mar.93;0;50.58;87.92
2018;Nigeria;South East;Cotton;May.88;1455.18;15.81;1.872;3;87.38;88.41
2016;Nigeria;North Central;Barley;-4.11;371.97;Eki.13;12.060.000.000.000.000;8;56.13;44.57
2020;Australia;New South Wales;Corn;27.68;771.85;Haz.97;Mar.47;1;82.08;71.12
2022;China;North;Soybeans;30.Haz;1290.41;2.May;Şub.18;0;56.6;37.87
2020;China;South;Fruits;-2.91;328.63;0.71;1.575;4;15.May;88.43
2024;Nigeria;North West;Soybeans;28.31;2072.82;13.25;0.96;6;83.7;49.53
2024;China;East;Cotton;14.87;2438.42;Eki.33;Oca.53;9;41.35;86.53
2024;USA;Northeast;Rice;31.51;2360.04;21.58;12.240.000.000.000.000;5;45.83;35.09
2018;China;Central;Vegetables;34.68;940.52;Mar.71;2.Nis;10;36.87;74.39
2016;Australia;New South Wales;Coffee;-4.09;726.14;18.38;1.863;1;71.03;42.38
2020;Nigeria;North Central;Wheat;Haz.91;1539.0;8.Ara;0.75;8;91.27;46.9
2016;China;South;Barley;21.19;2398.46;Şub.84;Oca.95;7;85.05;65.46
2022;USA;South;Barley;16.49;433.9;Eki.35;4.032.000.000.000.000;6;59.75;61.44
2024;USA;West;Soybeans;32.01;1376.8;24.Haz;3.483;9;78.6;76.32
2022;Australia;Western Australia;Cotton;27.18;2273.52;Ağu.79;1.Nis;3;43.61;46.59
2014;Russia;Volga;Wheat;Ara.84;1758.43;Oca.57;Mar.71;5;11.Eyl;95.16
2014;China;South;Cotton;23.47;1978.18;22.41;2.646;7;52.9;72.1
2024;Russia;Volga;Sugarcane;Oca.54;1615.26;4.0;Şub.26;6;22.71;30.65
2018;Australia;Victoria;Soybeans;27.78;2725.12;5.Haz;Mar.37;5;54.36;89.9
2014;Australia;Victoria;Fruits;15.72;1450.85;28.Mar;3.015;2;97.67;56.63
2016;Nigeria;South East;Sugarcane;19.Oca;705.94;1.Haz;Oca.51;2;89.98;52.67
2024;Nigeria;North West;Wheat;15.34;2627.5;22.28;2.385;4;48.09;70.9
2024;Australia;New South Wales;Sugarcane;11.Mar;540.29;28.98;3.708;0;83.32;57.24
2016;Australia;Victoria;Vegetables;Kas.98;1056.55;25.96;1.683;3;98.08;53.9
2018;Russia;Volga;Corn;1.Şub;515.96;Haz.49;Oca.37;3;23.Haz;40.42
2016;China;North;Cotton;5.Oca;1424.27;Eki.38;Şub.92;2;33.15;86.36
2024;Brazil;North;Coffee;Oca.23;2808.0;6.0;Oca.27;6;28.Ağu;92.28
2018;Russia;Siberian;Soybeans;Oca.88;1104.12;20.36;738;4;88.93;51.89
2018;Nigeria;North West;Rice;29.94;2911.22;1.Ara;Şub.66;2;67.16;65.91
2018;Russia;Volga;Rice;May.63;429.44;9.Tem;2.574;10;25.93;64.5
2020;Nigeria;South East;Cotton;6.May;1695.14;Kas.52;Şub.69;6;13.74;80.43
2020;Brazil;Southeast;Fruits;25.44;1769.31;20.17;32.760.000.000.000.000;1;39.69;87.01
2018;Nigeria;South West;Fruits;Ara.65;1778.77;24.25;3.546;1;37.69;56.53
2018;Nigeria;North Central;Wheat;-2.7;2723.06;18.65;1.314;8;74.55;88.77
2018;China;South;Fruits;21.23;1065.88;Eki.17;2.Eyl;3;51.48;36.38
2022;USA;South;Coffee;22.73;1129.39;24.85;2.043;9;92.39;96.69
2022;Australia;Victoria;Soybeans;Şub.68;545.42;23.16;1.449;8;51.49;48.16
2018;Nigeria;North Central;Sugarcane;24.46;2080.82;21.22;Şub.52;6;43.02;67.63
2024;China;East;Fruits;15.85;339.88;Haz.45;3.159;10;22.61;77.08
2014;Nigeria;South East;Corn;18.83;2614.9;15.13;3.168;4;61.49;72.28
2018;China;Central;Rice;Ağu.93;2656.19;Ağu.49;Şub.96;0;23.39;50.48
2022;USA;South;Cotton;28.66;1361.1;24.51;3.096;0;12.Tem;93.49
2022;Nigeria;South East;Rice;28.28;2404.62;1.Haz;Mar.52;8;57.79;80.69
2018;Australia;Victoria;Vegetables;-1.52;2909.45;22.49;1.521;2;40.74;77.46
2022;Australia;Queensland;Corn;-2.81;1597.86;Şub.32;Oca.92;1;18.52;95.51
2016;China;South;Sugarcane;28.69;2276.92;15.Eyl;1.836;2;54.07;48.33
2022;Brazil;South;Vegetables;15.38;2365.25;22.Nis;39.600.000.000.000.000;6;14.82;76.4
2014;China;South;Vegetables;-4.32;2767.76;Eki.27;Oca.94;8;73.43;36.41
2022;Brazil;Southeast;Rice;20.67;2672.82;12.Haz;Mar.66;3;49.66;68.92
2016;Australia;Victoria;Sugarcane;22.75;2117.48;25.73;2.574;5;46.0;83.55
2020;Brazil;Northeast;Rice;6.Şub;2141.14;18.0;2.502;1;74.0;61.39
2018;Russia;Northwestern;Corn;7.Ağu;1923.69;28.Ağu;0.9630000000000001;1;98.58;39.45
2016;USA;Midwest;Fruits;17.35;2700.83;29.52;1.953;4;54.07;62.86
2016;China;Central;Coffee;13.34;593.98;28.Nis;26.910.000.000.000.000;1;20.May;95.61
2014;Nigeria;North West;Corn;32.31;881.06;22.Oca;2.007;5;35.6;78.13
2014;Nigeria;North Central;Cotton;16.92;2979.54;Ara.18;Nis.21;1;91.55;38.97
2024;Australia;Queensland;Vegetables;Nis.22;2296.02;28.38;864;2;48.66;78.6
2024;Russia;Siberian;Vegetables;18.42;200.45;18.May;1.494;5;71.71;48.61
2020;Russia;Northwestern;Sugarcane;13.35;304.64;16.Ara;39.240.000.000.000.000;8;34.77;74.67
2014;USA;West;Cotton;28.92;1802.49;Eki.13;2.May;1;96.3;78.21
2022;China;Central;Fruits;Eki.29;1665.74;26.86;4.149;5;17.82;56.38
2024;Brazil;Southeast;Soybeans;31.96;229.81;Kas.25;2.241;7;35.64;49.0
2018;Nigeria;South West;Barley;Ara.64;484.8;14.71;2.898;3;70.68;86.23
2022;Russia;Central;Wheat;18.Ağu;1261.62;Haz.68;Nis.87;6;53.17;85.18
2018;USA;Northeast;Corn;25.76;1406.84;Oca.59;Oca.92;1;45.05;92.98
2014;Russia;Siberian;Soybeans;-2.88;1768.36;Oca.93;Şub.28;10;63.2;61.15
2020;China;South;Sugarcane;5.Oca;2397.23;Şub.66;Oca.55;6;95.23;89.57
2020;Russia;Northwestern;Cotton;25.39;1201.81;20.58;2.736;4;73.04;34.02
2024;USA;West;Barley;-2.83;2985.78;Ağu.15;Oca.43;6;79.55;57.82
2018;Russia;Northwestern;Vegetables;0.23;2330.25;21.17;1.647;5;14.62;59.62
2022;Nigeria;North Central;Barley;Ağu.72;2952.33;Şub.33;Oca.85;10;85.76;98.3
2018;China;East;Cotton;26.35;552.45;5.Ağu;Şub.87;9;30.22;69.05
2016;Nigeria;South West;Sugarcane;Eki.45;800.02;19.32;39.330.000.000.000.000;4;92.02;48.19
2014;Nigeria;North West;Rice;15.67;2698.2;Şub.76;Mar.32;1;48.03;67.64
2020;China;East;Corn;21.22;2799.48;27.79;1.845;8;71.27;42.56
2016;Russia;Northwestern;Fruits;32.93;2457.49;Nis.63;Mar.94;6;63.87;43.49
2022;Nigeria;South East;Barley;Eki.35;582.59;14.68;Mar.17;10;99.65;34.1
2016;Nigeria;North West;Sugarcane;Eyl.24;315.51;Nis.66;0.7020000000000001;5;68.67;38.17
2014;China;North;Cotton;24.42;1490.74;19.Haz;1.Ağu;0;45.75;98.07
2016;USA;Northeast;Vegetables;-0.47;1331.22;17.0;792;1;69.03;31.89
2018;Brazil;Southeast;Fruits;29.43;924.45;Nis.39;Mar.17;5;47.45;49.13
2014;Australia;New South Wales;Corn;16.Ağu;405.73;Nis.51;3.528;4;57.71;53.0
2022;Australia;Queensland;Fruits;-3.86;1958.5;Tem.23;1.Nis;8;21.93;79.22
2014;China;North;Barley;26.49;2455.91;17.42;2.367;8;23.98;59.42
2018;Brazil;Northeast;Cotton;Eki.55;620.36;May.81;Mar.47;9;20.94;95.66
2022;Brazil;South;Cotton;May.67;1094.92;May.83;Oca.21;8;73.31;31.6
2014;USA;West;Vegetables;-0.37;2652.23;15.55;2.331;4;98.36;42.77
2016;Russia;Volga;Rice;Ağu.19;2188.12;14.67;2.Eyl;8;66.0;75.59
2014;USA;Northeast;Sugarcane;-0.86;1632.32;Ara.77;1.Oca;8;41.61;40.9
2022;USA;South;Fruits;24.97;2619.65;14.83;Mar.62;9;82.02;73.86
2022;Russia;Siberian;Corn;Haz.98;907.92;10.Nis;Oca.91;10;50.58;51.81
2016;Australia;Queensland;Vegetables;33.26;1799.75;Haz.91;3.Haz;9;84.26;87.18
2024;Brazil;Southeast;Coffee;Haz.55;2286.86;Haz.95;Oca.19;6;74.84;70.13
2020;Nigeria;South West;Wheat;22.22;633.52;Kas.33;Mar.57;5;67.38;72.94
2022;China;South;Barley;34.65;2695.49;16.61;22.769.999.999.999.900;8;97.57;35.64
2022;Russia;Siberian;Coffee;31.May;377.78;19.62;2.763;10;70.27;50.23
2018;Nigeria;North West;Coffee;Mar.73;2218.48;24.75;1.989;2;44.5;57.21
2022;China;Central;Sugarcane;-1.35;2627.57;22.16;0.7020000000000001;7;23.95;52.82
2014;USA;West;Sugarcane;Eki.33;814.12;20.May;24.480.000.000.000.000;8;53.84;73.45
2022;Australia;New South Wales;Vegetables;-1.59;233.62;Nis.47;22.230.000.000.000.000;5;56.09;32.05
2018;Russia;Central;Cotton;-3.55;1133.72;26.37;0.9720000000000001;1;40.64;98.02
2018;Nigeria;North West;Vegetables;17.73;1183.14;14.23;Şub.36;5;35.83;75.51
2016;Australia;New South Wales;Rice;24.36;2407.75;29.16;2.538;9;25.59;64.75
2024;USA;West;Soybeans;18.69;1341.57;16.33;3.087;1;29.67;58.66
2014;Australia;New South Wales;Wheat;-4.01;2315.25;22.34;1.161;4;95.29;85.83
2020;China;East;Vegetables;26.15;437.68;0.9;1.368;2;Ara.17;53.89
2022;USA;West;Rice;14.Ağu;288.85;Ağu.21;19.800.000.000.000.000;5;99.41;46.78
2014;Australia;Victoria;Corn;-1.18;2353.82;28.88;18.900.000.000.000.000;7;76.69;98.64
2016;Russia;Volga;Sugarcane;-3.19;2964.71;16.59;1.359;1;21.Ağu;52.47
2016;Russia;Central;Vegetables;30.66;1917.38;26.Mar;16.740.000.000.000.000;6;29.73;75.05
2016;USA;Midwest;Rice;15.61;2082.6;Mar.65;Mar.21;5;60.83;49.04
2020;Nigeria;South West;Coffee;22.42;1163.26;Ara.51;Oca.34;5;Eki.53;51.13
2016;USA;West;Rice;Kas.95;1772.98;Kas.27;Mar.66;2;18.71;71.04
2024;Australia;Western Australia;Corn;30.17;2210.97;Ağu.25;Mar.15;5;61.37;49.25
2022;Nigeria;North Central;Sugarcane;-2.56;903.36;23.15;19.980.000.000.000.000;9;51.75;70.8
2018;Russia;Northwestern;Vegetables;Kas.82;1551.71;26.May;3.519;7;28.Ara;39.68
2020;USA;Northeast;Soybeans;26.36;2693.53;28.Eyl;3.177;6;91.78;75.53
2016;Nigeria;North Central;Corn;30.46;337.9;28.22;2.943;0;19.31;48.14
2024;China;North;Rice;13.38;841.74;3.Kas;Şub.56;1;16.27;74.88
2016;Brazil;Southeast;Fruits;0.31;2521.38;29.58;2.Tem;3;19.14;43.73
2014;Australia;Victoria;Soybeans;-1.62;2667.6;Kas.41;1.Haz;2;72.67;74.25
2022;Russia;Central;Fruits;22.98;2281.57;Ağu.17;Şub.97;2;53.67;77.59
2024;Australia;Queensland;Wheat;-4.68;300.85;Nis.89;2.556;6;33.19;62.45
2024;Australia;Queensland;Sugarcane;Eyl.66;2478.74;22.Haz;1.359;3;59.56;64.65
2024;Russia;Central;Barley;24.Eyl;1567.3;13.95;Oca.63;0;37.43;55.3
2024;Brazil;Northeast;Rice;Ağu.62;2489.88;17.56;2.466;8;50.21;82.25
2022;China;East;Fruits;15.91;1334.58;Mar.48;Şub.15;9;32.59;68.55
2014;USA;Midwest;Barley;31.41;523.42;4.Eyl;Oca.99;9;14.Tem;31.29
2024;Russia;Central;Coffee;Oca.17;1852.82;Şub.73;Oca.36;7;58.95;81.07
2020;Russia;Northwestern;Fruits;32.09;2383.16;24.21;34.019.999.999.999.900;10;91.5;40.58
2018;Brazil;Northeast;Corn;-1.94;2844.7;28.Şub;1.179;8;40.19;30.Mar
2016;Nigeria;North West;Vegetables;Mar.41;1562.94;22.36;765;9;52.36;54.62
2024;Brazil;South;Coffee;29.Nis;787.42;14.Oca;1.Tem;3;31.Ağu;53.82
2020;Brazil;North;Soybeans;25.21;2000.89;13.49;0.96;3;63.15;42.02
2020;China;South;Soybeans;May.71;1960.41;15.54;22.230.000.000.000.000;10;78.69;77.18
2022;China;South;Fruits;Ara.34;2369.78;22.Şub;19.260.000.000.000.000;4;64.46;48.92
2022;USA;Northeast;Barley;17.82;2902.3;21.15;Nis.32;10;37.27;48.73
2014;Russia;Siberian;Barley;Kas.72;508.99;13.77;Mar.32;9;Kas.97;43.49
2014;Nigeria;South West;Corn;20.Şub;1119.33;Tem.26;Oca.97;7;92.48;59.84
2020;USA;Midwest;Rice;26.Haz;803.55;Şub.56;Oca.68;2;22.53;45.34
2018;Nigeria;North West;Fruits;32.07;481.07;Nis.88;33.930.000.000.000.000;9;63.53;90.46
2024;Brazil;Southeast;Cotton;23.78;2254.27;13.77;Şub.93;3;41.34;62.12
2014;Nigeria;North West;Cotton;May.73;1046.09;28.26;2.502;8;19.24;96.6
2018;Australia;Western Australia;Vegetables;19.99;1110.61;0.85;Oca.69;8;28.88;74.21
2018;Russia;Siberian;Rice;Tem.27;588.9;24.41;19.980.000.000.000.000;5;73.02;57.67
2024;Russia;Siberian;Rice;Kas.79;1737.96;19.32;2.205;2;97.06;41.05
2014;China;North;Soybeans;14.96;1013.04;6.Haz;Oca.55;8;40.52;63.06
2014;Russia;Central;Rice;-0.09;749.58;5.Oca;Şub.77;2;58.68;85.9
2016;Nigeria;South East;Cotton;18.42;520.38;13.35;3.Haz;10;69.0;49.25
2016;Australia;New South Wales;Fruits;22.May;366.04;16.69;864;2;76.75;39.44
2016;Brazil;Northeast;Sugarcane;24.78;881.98;28.33;1.827;10;17.Ağu;77.17
2018;Brazil;Northeast;Cotton;34.52;2629.77;Kas.69;Mar.33;0;79.33;42.33
2016;Nigeria;South East;Barley;-1.26;793.7;24.39;1.512;5;23.77;65.22
2022;Brazil;North;Soybeans;34.71;2572.78;6.Kas;Oca.71;9;21.57;47.83
2018;China;Central;Barley;32.31;513.33;23.36;2.097;1;34.76;69.82
2024;China;North;Cotton;May.51;2455.98;19.83;1.143;4;92.75;40.27
2022;Brazil;Southeast;Cotton;-4.33;2647.66;Mar.84;1.Ağu;3;14.97;66.92
2014;USA;Northeast;Corn;Tem.39;2697.51;Ağu.53;Oca.31;0;93.55;76.76
2016;China;South;Rice;Nis.31;1241.16;Tem.66;1.Şub;7;79.38;95.94
2018;Nigeria;North West;Corn;31.35;2452.42;15.Şub;1.278;9;59.67;93.15
2014;China;South;Barley;16.82;1408.99;24.32;2.835;8;45.98;83.6
2022;Russia;Volga;Corn;6.May;1954.63;13.23;0.58;4;23.44;38.81
2020;Nigeria;North Central;Soybeans;15.24;2682.21;23.18;3.357;7;72.88;37.09
2022;Nigeria;South East;Rice;Nis.53;609.33;21.82;1.593;3;66.24;71.56
2024;Russia;Volga;Wheat;14.22;752.67;Oca.73;Mar.81;1;68.97;47.02
2020;Russia;Central;Corn;Kas.24;1518.73;Nis.47;Şub.43;3;88.55;59.61
2014;Australia;New South Wales;Coffee;Eyl.71;1153.52;Eki.93;Oca.17;7;74.31;88.03
2018;China;South;Barley;31.42;769.28;26.79;765;7;40.42;47.57
2022;China;North;Corn;31.Ara;2909.47;28.61;3.285;8;53.95;67.98
2024;Nigeria;North Central;Wheat;Eki.71;2882.81;Tem.83;2.Haz;1;97.4;38.13
2016;Australia;Western Australia;Soybeans;Ara.23;1502.53;Haz.18;1.Tem;9;59.67;46.82
2014;Nigeria;South West;Barley;Mar.27;1067.25;Eyl.32;0.53;1;38.68;67.78
2016;Nigeria;South West;Vegetables;33.67;2160.96;11.Şub;Mar.33;3;19.31;34.08
2016;USA;Midwest;Wheat;34.18;1201.46;13.53;Oca.66;9;83.88;88.31
2024;Australia;New South Wales;Cotton;25.74;770.2;15.Mar;14.580.000.000.000.000;2;87.65;57.76
2020;USA;South;Corn;23.Mar;2004.95;24.37;23.760.000.000.000.000;0;32.99;37.77
2024;USA;West;Barley;16.71;2045.78;18.39;Oca.62;6;88.66;74.37
2020;Nigeria;North West;Sugarcane;-0.06;508.71;26.42;2.Tem;9;32.45;37.47
2024;USA;South;Coffee;Mar.68;1213.3;14.49;2.Haz;7;45.12;56.62
2022;Australia;New South Wales;Soybeans;-1.97;2947.47;13.36;Şub.92;5;91.18;84.83
2014;Australia;New South Wales;Barley;13.96;960.18;Eki.15;Oca.64;8;28.57;90.96
2018;USA;South;Coffee;34.08;1072.15;18.39;1.809;3;69.96;94.96
2016;China;East;Barley;15.87;1096.44;Mar.93;Şub.92;6;56.58;82.73
2024;Australia;Victoria;Corn;24.79;730.24;24.35;1.566;1;Kas.49;61.82
2020;USA;South;Barley;May.99;1934.26;24.May;16.560.000.000.000.000;7;64.37;99.35
2014;China;East;Barley;Şub.92;1262.96;1.0;Şub.18;8;16.89;43.56
2024;USA;South;Rice;17.96;768.86;28.16;Oca.35;6;69.46;34.4
2018;USA;Midwest;Soybeans;-4.07;2248.57;9.Oca;2.Tem;2;59.08;91.48
2018;China;North;Soybeans;15.52;2360.3;20.Haz;3.762;1;50.35;64.65
2016;USA;Midwest;Cotton;0.95;1896.92;27.49;1.845;10;93.17;89.5
2020;USA;Northeast;Soybeans;19.May;2897.95;May.55;Şub.19;7;60.99;40.95
2020;USA;Midwest;Wheat;29.42;1357.44;28.Kas;0.8190000000000001;10;82.21;99.01
2016;Russia;Northwestern;Soybeans;22.38;863.1;14.0;1.Ağu;8;24.63;74.99
2014;Nigeria;North Central;Corn;-0.54;722.73;Oca.74;Oca.69;6;43.89;95.4
2024;Brazil;Northeast;Barley;32.66;1598.5;8.May;Mar.99;6;86.6;98.36
2016;Nigeria;South East;Rice;Eki.19;2591.27;14.31;Şub.78;6;52.47;99.69
2014;Brazil;North;Coffee;-3.78;1056.81;20.95;1.809;4;37.88;60.24
2020;USA;Northeast;Cotton;Eki.83;1492.96;13.Oca;Şub.31;0;77.21;52.43
2022;Brazil;South;Wheat;23.May;806.4;18.93;34.739.999.999.999.900;6;64.17;51.1
2024;Brazil;Northeast;Cotton;32.6;762.38;Ara.72;Şub.55;9;44.18;64.71
2018;USA;Midwest;Corn;31.47;2703.79;Ara.98;Oca.82;0;82.21;70.75
2018;Russia;Northwestern;Coffee;32.16;1188.34;Eyl.59;1.Eyl;5;87.23;78.03
2016;Brazil;Northeast;Rice;3.Kas;1451.52;25.21;2.259;10;22.Oca;36.49
2020;Nigeria;South East;Coffee;15.99;1991.71;May.34;Mar.54;0;29.Ağu;77.74
2020;China;Central;Rice;22.84;2710.4;Şub.86;Oca.53;0;15.37;81.29
2016;Australia;Queensland;Coffee;32.31;2361.25;Eyl.89;2.Oca;9;24.37;36.05
2016;Brazil;North;Sugarcane;13.Şub;1582.88;23.73;34.650.000.000.000.000;8;86.71;39.36
2024;USA;Northeast;Sugarcane;Haz.61;292.22;Tem.87;2.106;9;82.15;58.5
2018;USA;South;Cotton;31.92;1194.08;13.28;Oca.34;9;37.3;43.94
2016;USA;West;Coffee;16.52;2097.41;25.Oca;3.294;5;40.41;99.74
2024;Australia;Queensland;Barley;20.Oca;2476.45;15.18;3.582;5;33.86;68.24
2020;Brazil;Southeast;Cotton;May.51;2058.61;25.0;0.7110000000000001;10;48.57;52.54
2014;China;East;Coffee;17.17;2072.76;20.61;2.673;6;65.87;77.99
2022;Australia;Victoria;Barley;8.Mar;1407.38;8.Nis;Oca.44;6;54.86;90.33
2018;Russia;Volga;Corn;-3.66;1499.91;6.Eyl;Oca.66;4;86.36;48.36
2016;Brazil;Southeast;Soybeans;26.98;900.67;20.21;1.035;10;Ara.23;32.43
2022;China;East;Corn;14.74;1814.14;26.66;1.899;5;65.65;61.44
2018;USA;West;Rice;14.0;2917.47;21.41;29.970.000.000.000.000;3;54.19;94.79
2014;China;Central;Corn;Ara.76;1616.7;27.32;37.800.000.000.000.000;4;76.44;39.14
2018;Brazil;South;Wheat;23.69;2844.96;13.31;1.Ağu;7;33.3;78.27
2016;Brazil;North;Corn;Kas.53;2450.73;28.87;3.096;9;49.4;92.05
2018;USA;West;Cotton;25.49;1635.08;16.Nis;Şub.52;8;94.84;48.68
2018;Russia;Northwestern;Barley;-0.27;1219.24;24.49;891;6;20.19;45.66
2014;Australia;Victoria;Fruits;14.62;2564.94;15.51;4.401;6;69.67;51.72
2024;Australia;New South Wales;Cotton;14.Şub;1769.29;Eyl.62;Mar.29;2;47.52;65.09
2022;Australia;Victoria;Cotton;26.56;2235.11;Nis.75;Oca.82;5;18.57;76.42
2020;China;East;Coffee;Oca.24;1055.15;Oca.75;Şub.44;0;25.21;76.05
2018;USA;South;Cotton;2.Kas;544.18;Oca.21;0.87;2;58.56;51.42
2022;Nigeria;South East;Rice;Kas.35;462.35;15.95;1.827;2;93.05;51.62
2016;Australia;Victoria;Cotton;Nis.64;1090.06;20.78;1.539;3;27.96;66.12
2018;Australia;Victoria;Barley;28.76;1627.01;Oca.16;Oca.52;4;62.58;55.12
2020;Russia;Central;Coffee;25.Tem;837.75;17.27;1.521;10;51.54;96.55
2022;Brazil;Southeast;Sugarcane;Ağu.21;2373.23;16.33;2.007;7;47.73;80.4
2024;China;South;Barley;33.7;1123.66;Eyl.86;Şub.31;1;75.9;63.49
2024;Brazil;Northeast;Corn;34.42;2959.76;24.33;29.699.999.999.999.900;10;90.25;70.86
2022;Nigeria;South East;Wheat;21.14;1692.5;22.37;11.520.000.000.000.000;9;85.77;67.67
2016;USA;Northeast;Sugarcane;Eyl.42;1291.25;14.94;0.68;3;87.9;36.27
2018;Russia;Central;Barley;0.8;1346.1;23.Ağu;1.746;1;70.88;87.69
2024;USA;Midwest;Rice;Ağu.22;922.9;Ağu.56;0.85;10;69.95;92.24
2014;China;North;Cotton;29.27;2820.58;16.Nis;3.213;4;88.06;70.33
2024;China;East;Barley;Kas.63;1288.65;16.44;3.564;2;37.9;98.24
2014;USA;West;Cotton;31.14;892.55;16.53;891;6;42.05;34.95
2024;Russia;Northwestern;Rice;15.32;1493.12;13.May;3.Eyl;2;52.33;96.54
2020;Russia;Siberian;Corn;34.17;2531.06;26.Oca;1.215;1;Ara.94;95.99
2022;Australia;Western Australia;Cotton;-3.87;329.5;20.Tem;Oca.62;10;75.81;69.31
2014;China;Central;Corn;11.Ağu;966.57;29.36;4.338;4;54.26;37.02
2020;Australia;Victoria;Corn;Tem.56;2268.91;Oca.45;Oca.84;6;47.38;39.34
2014;Nigeria;North Central;Cotton;Nis.13;2683.48;14.62;Şub.53;4;76.66;36.54
2016;Nigeria;North West;Wheat;28.Oca;1426.45;22.61;1.683;4;43.2;31.75
2024;Brazil;Southeast;Corn;4.May;537.52;17.65;12.060.000.000.000.000;6;16.38;66.35
2020;Australia;Victoria;Corn;May.66;1981.4;2.Tem;1.Şub;8;55.99;85.83
2022;Russia;Northwestern;Barley;7.Eyl;715.63;23.37;1.836;2;98.3;47.87
2014;Russia;Central;Fruits;21.42;2287.81;20.58;3.483;5;22.Tem;52.28
2024;Nigeria;North West;Cotton;13.73;2776.25;15.Nis;20.160.000.000.000.000;8;17.36;51.27
2014;China;East;Soybeans;20.95;1119.46;Tem.32;1.Şub;5;24.77;43.45
2024;Australia;New South Wales;Sugarcane;Şub.42;2929.42;Şub.25;0.88;6;76.52;86.65
2014;Nigeria;North West;Sugarcane;-0.34;1028.61;4.Ağu;Şub.23;3;32.67;59.15
2020;Nigeria;South West;Rice;Ağu.77;1872.09;15.87;1.818;4;26.46;48.26
2016;China;South;Barley;33.35;1308.54;23.26;21.870.000.000.000.000;0;76.45;47.54
2018;Russia;Volga;Barley;20.83;1517.81;Kas.57;3.Nis;8;80.48;71.66
2014;Brazil;North;Cotton;17.42;933.48;19.46;4.428;7;30.56;67.17
2014;Australia;New South Wales;Cotton;13.58;1118.92;Tem.33;4.Ağu;5;Ara.14;60.3
2020;Australia;Western Australia;Vegetables;-1.3;784.23;Eki.57;0.88;2;90.83;51.02
2020;Brazil;Southeast;Rice;18.21;2252.3;26.Ağu;3.681;8;73.84;39.77
2014;China;South;Wheat;-1.69;1796.7;16.23;0.63;1;69.63;53.53
2016;Nigeria;South West;Soybeans;-3.85;1957.07;Nis.73;Şub.87;6;48.6;83.51
2020;Russia;Siberian;Corn;26.35;1136.99;13.99;Şub.16;7;60.69;31.4
2022;Brazil;North;Vegetables;24.76;585.75;Şub.53;Şub.73;10;75.73;75.32
2016;Russia;Siberian;Coffee;31.28;970.51;22.Kas;1.368;8;82.09;61.49
2018;Australia;Victoria;Cotton;15.18;2311.2;Nis.42;Mar.68;4;28.18;89.5
2022;Brazil;North;Barley;26.16;251.51;0.83;846;5;22.67;99.02
2016;USA;Northeast;Wheat;30.65;2429.47;13.27;Şub.34;2;80.66;37.11
2024;Nigeria;North Central;Soybeans;32.29;1431.86;4.Ağu;Şub.59;4;88.97;48.13
2016;USA;South;Vegetables;22.39;1830.94;26.71;1.872;0;95.48;54.14
2020;Australia;Western Australia;Soybeans;34.14;1744.29;23.44;1.746;1;64.22;99.72
2014;China;Central;Sugarcane;-4.64;410.23;Ağu.16;1.368;10;58.88;64.53
2020;USA;West;Cotton;-4.7;674.67;9.Eyl;0.73;6;31.Ağu;65.77
2020;USA;Northeast;Soybeans;-0.71;2758.01;Mar.56;Şub.47;5;18.74;62.63
2024;USA;Midwest;Coffee;Mar.65;2675.61;24.May;765;3;68.12;78.48
2020;USA;Midwest;Rice;1.Ağu;2911.79;14.69;0.65;1;95.11;50.42
2014;Russia;Central;Cotton;19.24;2488.68;27.95;3.222;0;85.85;75.57
2022;Brazil;Northeast;Sugarcane;18.May;264.17;6.Eyl;Mar.51;2;46.85;76.02
2014;China;Central;Cotton;-1.57;634.28;Kas.79;Oca.35;2;46.67;32.03
2014;Russia;Northwestern;Sugarcane;-0.6;2730.75;May.62;Oca.61;4;34.14;92.52
2014;Australia;New South Wales;Soybeans;-0.61;1272.03;14.87;0.63;10;60.17;54.61
2014;Brazil;Northeast;Sugarcane;24.85;1720.87;Nis.65;3.0;3;61.99;98.27
2018;China;North;Cotton;-0.79;1644.3;19.99;783;7;80.97;54.71
2016;China;Central;Soybeans;-0.17;843.72;27.77;1.494;5;34.32;44.38
2018;USA;West;Coffee;21.26;1080.66;Kas.74;Şub.64;6;71.96;86.35
2018;China;North;Vegetables;Kas.49;805.63;18.77;36.270.000.000.000.000;6;61.15;48.87
2020;Brazil;Northeast;Vegetables;28.22;1925.36;Haz.93;Şub.17;9;45.23;33.71
2024;Australia;Western Australia;Rice;17.74;2062.84;Oca.95;Mar.19;2;61.5;55.23
2016;China;South;Wheat;3.Tem;2498.91;Şub.76;Şub.92;10;40.08;54.41
2024;Australia;New South Wales;Corn;13.Ara;1562.72;16.31;2.979;3;41.27;42.63
2016;China;East;Sugarcane;29.21;684.53;Mar.86;Mar.64;5;56.99;88.77
2020;Nigeria;South West;Coffee;-1.61;1505.05;15.Şub;2.079;1;74.9;96.01
2020;Brazil;North;Wheat;Ara.97;1566.53;Tem.87;Nis.92;9;96.51;31.95
2022;Brazil;South;Coffee;Şub.46;1323.46;25.0;0.54;1;13.Haz;55.58
2018;Nigeria;South West;Sugarcane;Kas.41;288.77;23.28;38.789.999.999.999.900;2;60.85;58.39
2018;Australia;Queensland;Barley;34.0;2380.89;0.55;Mar.59;2;90.06;31.63
2022;Australia;Western Australia;Fruits;19.62;1252.71;21.99;2.196;0;52.59;47.57
2018;Nigeria;North Central;Soybeans;Şub.63;2519.04;Şub.29;Şub.89;9;90.94;40.91
2020;Nigeria;South East;Soybeans;6.Kas;2670.8;Ara.24;2.Eyl;6;16.99;48.8
2018;China;South;Corn;Kas.75;1502.98;29.99;2.493;8;Eki.99;50.6
2024;China;Central;Cotton;31.21;2551.73;Eyl.18;1.Mar;7;97.21;52.47
2018;Brazil;Southeast;Barley;19.55;1407.46;23.May;3.Haz;8;17.87;30.Ağu
2024;China;Central;Corn;19.Oca;734.68;23.76;3.294;2;54.3;47.05
2014;Australia;Queensland;Corn;13.77;2193.64;May.46;Şub.94;10;85.63;94.66
2020;China;East;Wheat;May.76;1138.1;19.71;2.142;3;72.62;61.16
2014;Brazil;Southeast;Fruits;18.Şub;1842.25;Eyl.74;Mar.45;3;24.94;83.9
2016;Nigeria;South East;Fruits;-1.25;1800.65;16.67;10.080.000.000.000.000;1;43.4;86.97
2014;Nigeria;South West;Soybeans;Haz.77;522.61;27.49;14.400.000.000.000.000;8;65.78;74.9
2018;Nigeria;South West;Vegetables;29.41;852.88;17.71;27.720.000.000.000.000;8;23.27;73.05
2024;USA;West;Corn;-4.21;1771.37;24.77;1.809;9;79.29;85.96
2022;Australia;Western Australia;Coffee;Ara.75;410.06;20.39;1.395;1;15.24;74.49
2016;Nigeria;North West;Vegetables;7.Tem;2525.94;23.55;1.764;9;19.Mar;67.95
2020;China;East;Corn;28.77;2325.9;Şub.17;Şub.59;6;16.25;84.32
2024;China;South;Sugarcane;Ara.93;2255.76;0.75;1.Ağu;0;93.8;30.82
2014;China;Central;Vegetables;Eki.46;2258.66;18.85;4.239;0;85.9;87.99
2016;Australia;Victoria;Rice;-0.63;654.94;24.22;22.680.000.000.000.000;10;40.06;84.3
2018;USA;West;Corn;-4.23;2567.13;Nis.75;Şub.45;9;87.43;39.06
2022;Australia;Queensland;Barley;-0.92;1116.5;25.Oca;1.503;6;13.0;89.67
2014;China;South;Soybeans;15.72;630.0;17.63;2.763;3;64.95;44.27
2018;USA;West;Barley;-1.16;2451.74;5.Ağu;Şub.82;1;18.96;47.97
2022;Brazil;Southeast;Cotton;20.Ağu;624.62;20.82;846;7;58.5;90.59
2020;China;South;Wheat;29.61;1339.14;Eki.59;Oca.24;10;20.92;78.61
2018;Brazil;Southeast;Wheat;19.28;1523.97;Ağu.97;Nis.51;7;65.26;57.32
2016;Nigeria;South West;Cotton;30.66;454.67;May.56;17.189.999.999.999.900;7;53.88;95.48
2016;USA;Northeast;Corn;19.Ağu;2490.2;18.95;2.979;10;40.17;63.38
2018;USA;Midwest;Coffee;26.25;360.55;29.96;3.231;3;69.05;88.37
2024;Nigeria;South West;Soybeans;Nis.81;1181.35;Tem.45;Oca.47;7;61.16;91.52
2020;Australia;Victoria;Corn;27.35;1548.83;12.Kas;Mar.71;10;34.18;41.5
2024;Nigeria;North Central;Coffee;33.29;270.64;22.62;2.007;0;80.32;34.12
2018;China;North;Barley;32.65;1442.84;23.27;2.178;5;88.35;56.88
2020;Nigeria;South West;Rice;16.Tem;715.09;Eki.96;Mar.76;0;96.32;31.23
2018;Nigeria;North Central;Vegetables;-2.34;2716.87;23.37;1.593;6;22.Eyl;99.04
2016;Brazil;Northeast;Coffee;13.53;567.28;23.93;2.835;8;35.78;94.03
2018;USA;South;Wheat;-3.22;1921.47;21.Haz;0.5760000000000001;1;40.67;96.01
2024;USA;West;Rice;25.67;773.74;29.98;1.125;2;34.77;62.16
2024;Brazil;South;Cotton;25.91;1303.35;1.Nis;Oca.67;3;75.5;70.61
2018;USA;West;Barley;Haz.67;351.15;23.86;1.755;5;64.35;64.28
2014;Russia;Volga;Wheat;-0.7;1678.68;16.83;1.278;3;97.43;69.37
2022;Brazil;Northeast;Wheat;32.12;1338.2;Ara.39;Oca.39;9;47.74;60.86
2018;China;South;Coffee;Tem.51;2227.69;25.Ağu;1.692;0;25.65;98.87
2024;Australia;New South Wales;Coffee;12.Nis;1361.3;22.13;4.221;5;38.46;78.13
2022;Australia;Queensland;Cotton;Haz.18;1628.27;19.25;1.179;1;71.84;95.57
2016;Nigeria;North Central;Wheat;6.May;208.78;14.Eyl;19.800.000.000.000.000;5;92.85;57.32
2018;Brazil;South;Cotton;May.94;475.21;19.22;1.089;9;74.53;88.86
2014;Australia;Queensland;Fruits;14.79;889.31;26.23;44.910.000.000.000.000;5;Eki.31;37.14
2018;China;South;Vegetables;2.Ara;2989.0;Mar.46;Oca.13;4;56.0;55.72
2020;China;South;Wheat;33.11;1377.47;13.Şub;Mar.74;1;23.26;78.3
2018;China;North;Barley;Haz.76;2881.59;28.34;1.413;0;64.35;49.53
2022;Brazil;South;Vegetables;10.Eyl;1740.9;Tem.38;Oca.59;8;78.03;56.1
2016;USA;Northeast;Corn;Tem.41;2444.61;13.23;2.Oca;6;40.81;43.97
2022;Australia;Victoria;Sugarcane;8.Haz;1050.44;Şub.35;0.95;5;50.79;95.06
2022;Russia;Volga;Sugarcane;7.Eyl;232.98;Eki.67;1.917;7;84.53;40.32
2016;China;Central;Vegetables;18.Tem;2879.65;Haz.66;Mar.18;7;22.Oca;66.19
2020;Brazil;Northeast;Soybeans;16.97;661.69;10.Ağu;Şub.68;3;29.33;97.0
2018;China;North;Rice;28.73;1863.52;Şub.35;Mar.26;4;10.Nis;67.6
2016;Nigeria;North Central;Fruits;19.Tem;510.96;28.95;2.718;9;33.78;88.99
2020;Australia;Western Australia;Sugarcane;9.Mar;1251.05;May.38;Oca.63;4;47.47;46.62
2024;Nigeria;North West;Rice;11.Tem;1263.96;29.57;3.618;5;13.68;92.02
2016;USA;South;Sugarcane;0.46;621.5;27.93;675;8;84.35;39.18
2014;Australia;New South Wales;Coffee;20.42;2709.29;May.84;Şub.19;1;82.67;91.78
2022;Russia;Siberian;Sugarcane;Ağu.51;2897.17;24.17;2.421;3;13.16;96.61
2020;Australia;Western Australia;Wheat;Eyl.39;269.13;16.61;2.088;9;87.16;43.76
2014;China;East;Barley;20.73;1235.22;Ara.47;Mar.56;8;28.74;86.0
2022;Russia;Volga;Sugarcane;-1.58;2641.56;20.74;1.845;0;32.23;50.55
2014;Nigeria;North West;Vegetables;32.65;1420.41;15.Mar;1.818;4;31.44;49.31
2020;China;North;Cotton;33.19;1335.03;19.13;33.120.000.000.000.000;2;34.96;38.1
2018;USA;Midwest;Vegetables;3.Mar;1356.09;17.Oca;26.550.000.000.000.000;9;51.09;94.35
2022;Russia;Northwestern;Vegetables;16.34;2368.74;23.65;22.230.000.000.000.000;7;86.53;50.8
2020;China;East;Corn;-0.12;1114.37;19.95;2.682;5;Kas.51;36.1
2014;Australia;New South Wales;Corn;-1.3;453.86;19.89;14.849.999.999.999.900;6;38.75;68.37
2018;Russia;Volga;Wheat;30.57;758.43;15.42;11.700.000.000.000.000;1;60.55;74.46
2022;Australia;Queensland;Barley;22.Eyl;470.23;7.Ağu;2.475;5;95.66;85.5
2020;Brazil;North;Soybeans;30.Kas;1140.49;22.Ağu;2.178;8;43.12;84.94
2018;China;North;Rice;Eki.76;1866.03;15.Kas;4.257.000.000.000.000;9;80.63;59.48
2016;Brazil;Northeast;Wheat;15.29;2946.42;23.95;38.970.000.000.000.000;8;83.43;52.25
2016;Brazil;South;Sugarcane;31.06;1720.53;21.85;3.168;1;50.46;78.14
2022;Australia;Queensland;Coffee;Tem.57;1434.04;14.23;Şub.76;1;81.95;91.99
2022;Russia;Siberian;Rice;21.84;2819.06;May.28;3.Mar;3;20.25;62.54
2016;China;Central;Fruits;29.18;1773.76;28.43;3.213;8;72.87;81.13
2022;Brazil;North;Sugarcane;Eyl.38;2371.32;Eki.87;Oca.18;1;27.28;35.48
2022;Russia;Siberian;Fruits;-0.79;924.79;3.Ara;Şub.98;1;91.21;50.27
2022;Nigeria;South West;Fruits;29.74;2022.06;26.58;10.080.000.000.000.000;9;68.05;44.76
2022;USA;Midwest;Sugarcane;Nis.56;1862.42;19.91;1.323;7;44.88;77.52
2016;Brazil;North;Corn;22.Eyl;1965.91;Mar.65;2.Oca;2;98.95;86.05
2016;China;South;Barley;10.May;2355.44;15.83;22.230.000.000.000.000;5;44.76;78.72
2024;USA;Midwest;Barley;33.91;2338.1;17.98;Oca.62;8;39.33;96.36
2020;USA;South;Corn;4.Haz;2099.06;Haz.35;Şub.35;5;93.8;53.04
2016;Nigeria;South East;Rice;34.19;2793.2;21.63;11.700.000.000.000.000;9;71.29;75.43
2014;China;East;Barley;Ağu.99;964.52;23.Nis;2.619;4;26.Haz;85.82
2020;Australia;Victoria;Cotton;34.1;2337.11;21.93;0.9900000000000001;10;88.27;50.86
2016;Australia;Victoria;Rice;-0.38;838.74;29.14;873;8;74.46;41.75
2014;Russia;Northwestern;Coffee;15.Ara;2665.75;Ağu.19;4.Nis;5;65.94;95.47
2022;Brazil;Southeast;Vegetables;27.33;2339.12;21.89;2.052;8;72.88;72.41
2016;Nigeria;North West;Coffee;30.84;2075.65;Mar.55;Şub.15;0;52.87;78.15
2024;USA;West;Soybeans;-1.57;563.25;Şub.93;Oca.64;2;84.63;88.14
2024;Brazil;Southeast;Corn;Eyl.13;2828.07;28.18;2.259;1;52.18;36.15
2022;Nigeria;South East;Coffee;Kas.49;2156.23;0.89;Mar.41;0;70.38;47.84
2024;Brazil;Southeast;Coffee;Şub.64;1141.42;22.Şub;Şub.61;9;77.38;70.81
2022;Nigeria;South West;Corn;20.May;859.04;Şub.83;Mar.17;9;22.21;45.03
2014;Brazil;Northeast;Sugarcane;-0.51;560.9;13.42;Oca.47;1;42.42;74.15
2018;Brazil;North;Wheat;15.84;2776.81;19.46;Şub.61;4;68.93;85.35
2014;Nigeria;North West;Wheat;30.28;1966.01;8.Şub;0.91;9;82.19;99.02
2022;USA;Northeast;Cotton;33.96;2815.2;26.48;17.369.999.999.999.900;5;Eki.78;34.88
2022;USA;Northeast;Vegetables;Oca.74;2269.11;Eki.92;2.Eyl;10;45.51;60.17
2016;Australia;New South Wales;Rice;Şub.23;248.98;Şub.36;22.769.999.999.999.900;8;54.89;67.94
2014;Nigeria;South East;Wheat;34.32;1617.77;Mar.92;Şub.45;0;53.6;45.96
2024;Nigeria;North Central;Sugarcane;9.May;1127.1;28.92;1.683;1;65.48;90.25
2022;USA;Midwest;Coffee;18.26;2085.71;25.77;2.358;2;14.25;53.87
2014;China;North;Wheat;11.Oca;1382.84;11.Eyl;Nis.27;5;94.46;55.34
2018;China;North;Cotton;30.Eyl;601.55;23.Haz;3.222;1;39.13;46.82
2018;Russia;Volga;Wheat;0.09;2445.31;Nis.62;Şub.92;5;89.43;52.39
2022;Australia;Victoria;Corn;19.79;615.16;Eyl.76;Şub.72;7;92.78;63.97
2014;China;North;Cotton;Eki.57;1691.1;Oca.14;Oca.71;5;97.42;93.38
2024;Russia;Siberian;Cotton;14.89;1049.9;Eyl.83;2.Mar;2;Kas.94;58.36
2014;China;Central;Cotton;22.24;1798.42;Ağu.97;Oca.26;5;52.31;68.76
2018;USA;Northeast;Fruits;25.24;1204.01;23.54;2.061;1;68.73;64.08
2020;Nigeria;North Central;Soybeans;Nis.19;2331.02;Tem.34;Şub.99;7;97.55;72.45
2016;Nigeria;North West;Cotton;Ara.98;2187.21;Ağu.65;3.Eyl;10;54.6;90.75
2020;Nigeria;North West;Sugarcane;23.48;2463.5;Tem.39;Mar.79;2;63.3;93.44
2024;Russia;Volga;Corn;Eki.95;1721.28;23.43;24.480.000.000.000.000;0;14.98;49.43
2018;Brazil;North;Sugarcane;11.Eyl;1825.72;May.54;Oca.69;3;48.17;32.09
2018;Russia;Volga;Wheat;32.29;864.92;0.55;0.85;1;57.39;75.49
2022;Russia;Northwestern;Fruits;30.16;445.03;19.58;846;8;87.9;79.4
2018;Russia;Volga;Wheat;20.Kas;444.7;Nis.74;35.370.000.000.000.000;2;91.04;30.74
2014;Russia;Volga;Vegetables;Kas.22;2294.25;18.85;23.760.000.000.000.000;2;52.43;83.34
2016;Russia;Siberian;Corn;5.Ağu;548.88;19.58;2.331;10;46.61;69.35
2016;Brazil;Southeast;Vegetables;34.54;960.55;Ağu.52;Mar.75;0;63.52;44.74
2020;Nigeria;South East;Coffee;13.Haz;1485.09;12.Nis;Mar.58;9;46.14;68.9
2024;Russia;Central;Vegetables;Şub.61;1225.36;29.97;2.403;9;Kas.92;56.46
2020;China;South;Rice;Oca.86;2781.32;14.89;Oca.35;1;92.69;44.34
2018;USA;Midwest;Coffee;22.94;2170.87;Mar.47;Şub.16;9;69.04;78.25
2016;Nigeria;South West;Rice;13.75;1601.06;28.44;3.159;8;49.59;97.83
2016;Brazil;North;Soybeans;15.57;2294.5;26.55;29.970.000.000.000.000;9;67.06;83.32
2016;Nigeria;South West;Fruits;Mar.72;2094.77;15.15;1.854;0;28.99;48.25
2020;USA;Midwest;Cotton;34.46;2569.18;24.14;1.278;8;65.59;52.94
2016;China;Central;Fruits;14.49;1612.28;15.Tem;1.899;7;15.Eyl;47.66
2024;Russia;Siberian;Coffee;29.46;622.54;24.Haz;3.123;3;13.May;68.21
2016;Australia;New South Wales;Fruits;19.Eyl;2395.8;29.02;4.284;9;32.23;59.9
2014;Brazil;North;Rice;Oca.68;2840.06;16.42;1.845;7;57.57;52.98
2024;China;South;Corn;Ara.21;702.98;22.23;3.447;4;92.34;77.89
2020;China;South;Sugarcane;28.51;263.07;29.May;1.809;6;15.68;97.36
2020;Russia;Volga;Rice;30.16;2526.4;Oca.18;Mar.89;7;23.93;72.99
2016;Australia;Queensland;Barley;Ara.22;1522.18;15.Oca;2.619;5;15.54;93.55
2024;USA;South;Corn;14.43;661.07;Oca.67;Mar.27;0;53.16;30.Oca
2024;Australia;Western Australia;Vegetables;15.Eyl;308.49;21.46;39.960.000.000.000.000;4;39.35;67.03
2020;Russia;Central;Soybeans;16.82;2194.78;28.Mar;4.023;3;33.83;75.04
2020;Brazil;North;Coffee;Eyl.52;1674.62;13.58;Şub.78;4;34.42;56.34
2018;Nigeria;South East;Wheat;Nis.61;454.58;Nis.92;1.845;6;60.52;73.38
2014;Nigeria;South West;Barley;Kas.53;831.6;Haz.16;Şub.15;10;19.16;69.01
2014;Brazil;North;Coffee;Oca.68;1643.44;Nis.25;0.57;1;98.08;71.42
2014;Australia;Queensland;Cotton;15.Tem;2651.99;26.42;4.086;1;Ara.54;87.84
2022;Russia;Northwestern;Wheat;Eyl.27;2693.18;11.Ağu;1.Mar;0;53.81;75.0
2020;USA;South;Sugarcane;14.17;272.87;20.75;2.718;2;31.15;95.27
2022;Russia;Volga;Sugarcane;16.24;2154.34;25.81;3.249;9;17.52;97.0
2024;Australia;Queensland;Sugarcane;Ağu.99;2470.9;Ara.98;0.78;4;70.91;97.97
2020;USA;Midwest;Vegetables;30.24;2682.37;25.69;0.9;5;77.18;93.14
2022;USA;Northeast;Fruits;Eki.75;2797.92;Tem.91;4.Tem;4;31.55;44.84
2020;USA;South;Sugarcane;11.May;2303.03;18.31;19.260.000.000.000.000;0;36.76;30.88
2020;USA;Northeast;Wheat;28.96;1654.13;16.39;1.098;0;90.47;70.68
2022;China;South;Vegetables;34.5;2445.98;19.Tem;1.098;7;22.33;45.82
2014;China;North;Rice;33.2;2140.85;0.89;Şub.86;7;14.14;37.98
2018;Brazil;North;Fruits;31.41;535.79;23.Kas;0.9990000000000001;4;18.33;38.37
2024;USA;South;Sugarcane;5.Nis;2890.51;20.Oca;1.098;8;78.87;79.38
2022;USA;Northeast;Vegetables;32.44;1377.79;25.37;Mar.33;3;72.8;81.7
2022;Nigeria;South West;Rice;Ara.91;1696.77;13.58;Mar.15;8;49.15;70.23
2018;China;South;Vegetables;34.23;2278.45;Ağu.67;Mar.47;1;52.8;60.69
2022;Russia;Northwestern;Corn;Eyl.84;759.76;Kas.18;Şub.78;7;75.94;67.77
2014;USA;South;Wheat;-2.26;575.24;21.95;1.539;0;29.2;69.74
2022;China;East;Corn;18.92;2323.13;Ara.74;Mar.49;6;36.0;37.53
2020;China;South;Barley;29.17;1647.43;Oca.22;2.Şub;4;56.96;90.27
2014;China;North;Corn;21.44;1456.54;Ağu.45;Şub.51;1;51.63;61.97
2020;Brazil;North;Vegetables;15.14;840.16;13.43;Şub.97;2;86.98;97.75
2022;Nigeria;South East;Cotton;22.34;2404.9;5.Tem;Oca.53;2;25.19;73.43
2018;Australia;Victoria;Cotton;14.39;1733.81;19.65;30.330.000.000.000.000;3;43.18;75.19
2014;China;South;Corn;Şub.57;221.89;17.Şub;11.880.000.000.000.000;6;95.06;98.59
2014;Brazil;Northeast;Corn;-1.76;605.38;26.Oca;927;0;53.61;41.55
2016;Nigeria;South West;Vegetables;Oca.78;1833.25;7.Kas;Oca.55;9;29.67;48.33
2014;Australia;Victoria;Barley;Kas.57;1229.03;Kas.38;4.May;1;95.29;69.87
2014;USA;Midwest;Coffee;25.93;2005.53;Kas.45;Şub.63;7;82.38;48.36
2018;China;North;Soybeans;33.32;2869.17;20.22;3.375;2;98.52;74.56
2020;Russia;Siberian;Soybeans;Eki.58;1862.59;Eki.77;Oca.68;2;99.26;99.0
2016;Australia;Western Australia;Vegetables;23.13;2697.95;28.55;1.278;0;39.82;71.22
2016;USA;South;Fruits;24.53;1213.66;19.May;1.602;3;13.Nis;45.83
2022;Russia;Volga;Barley;16.82;1591.74;29.0;3.204;5;26.Şub;36.75
2022;Russia;Volga;Rice;13.94;210.92;Oca.23;2.601;1;56.31;89.09
2016;China;South;Coffee;25.81;1795.56;Oca.22;Oca.19;9;88.08;69.47
2022;China;North;Cotton;32.88;1540.08;18.May;0.7200000000000001;1;40.79;58.89
2020;Australia;Victoria;Vegetables;Eyl.99;250.49;14.21;1.494;5;90.96;82.22
2020;China;South;Soybeans;Eki.69;2402.17;22.18;29.610.000.000.000.000;2;26.Tem;70.58
2022;Russia;Central;Fruits;13.85;1173.04;Eki.29;Şub.44;3;59.17;74.93
2016;Nigeria;South West;Corn;Şub.16;1325.87;22.Tem;1.809;2;37.5;36.75
2020;China;Central;Fruits;Haz.74;2882.32;6.Şub;Şub.44;7;38.93;42.18
2024;Russia;Central;Barley;31.82;1759.71;Ağu.16;2.Oca;5;58.86;75.72
2016;Russia;Central;Wheat;20.35;2202.2;17.Tem;783;1;64.9;88.21
2014;Russia;Volga;Sugarcane;9.Haz;2967.56;Şub.87;Şub.27;0;58.26;60.16
2014;Nigeria;South East;Sugarcane;30.85;1586.81;17.Tem;1.125;3;55.98;98.8
2020;USA;South;Barley;Ağu.62;2936.96;Eyl.65;0.66;0;49.96;82.8
2024;China;East;Coffee;0.15;657.2;Eki.25;Şub.15;1;78.47;50.69
2014;USA;Midwest;Barley;28.54;824.04;Haz.69;Şub.77;5;34.2;36.57
2024;Australia;Western Australia;Barley;16.26;964.35;24.91;2.034;10;75.19;31.55
2018;China;North;Wheat;22.Mar;340.65;19.15;3.222;7;67.74;53.63
2022;China;Central;Cotton;12.Ağu;1990.89;16.18;2.466;2;47.47;98.13
2022;Nigeria;North Central;Cotton;0.98;2047.94;Haz.45;Oca.17;10;55.99;50.04
2018;China;East;Corn;26.54;1847.23;6.Şub;0.96;6;90.49;45.3
2024;Russia;Northwestern;Wheat;-0.29;1464.47;28.58;1.035;1;94.69;42.51
2024;USA;South;Coffee;29.92;2613.78;Eyl.76;0.96;2;84.68;74.3
2020;Russia;Northwestern;Cotton;-0.96;1029.56;Haz.23;0.71;9;18.Mar;33.98
2020;China;Central;Sugarcane;27.63;1204.36;15.99;Mar.33;4;44.75;87.28
2018;Russia;Northwestern;Coffee;29.73;2920.8;21.37;2.871;5;25.57;87.84
2014;Australia;New South Wales;Corn;1.Tem;1529.37;29.94;2.259;6;18.83;31.74
2020;Russia;Volga;Corn;Nis.76;519.75;27.63;0.9810000000000001;6;14.85;77.68
2016;Russia;Volga;Rice;22.Eyl;2330.91;20.24;2.358;9;36.97;93.01
2020;Nigeria;North West;Cotton;22.47;1858.05;27.72;2.763;3;75.16;40.14
2024;USA;Midwest;Cotton;Eki.52;809.93;29.79;31.410.000.000.000.000;1;79.05;49.15
2020;Nigeria;North Central;Sugarcane;26.Nis;1662.63;19.85;3.384;0;29.73;31.4
2024;Nigeria;South West;Vegetables;Haz.77;1379.1;25.99;747;2;39.35;60.08
2022;USA;Northeast;Wheat;24.94;2859.01;14.46;2.Mar;9;60.04;36.84
2020;China;East;Corn;30.39;2409.77;13.35;2.May;6;30.51;75.8
2020;Nigeria;North Central;Vegetables;Şub.79;816.76;2.Tem;Oca.92;6;32.9;31.51
2016;China;South;Fruits;34.24;1433.51;Tem.19;Şub.92;3;98.25;94.12
2022;Brazil;Southeast;Rice;19.64;1932.49;Haz.76;Nis.25;9;24.Tem;72.86
2014;Australia;Western Australia;Soybeans;23.53;1430.97;20.Haz;34.019.999.999.999.900;0;61.25;55.73
2022;USA;Northeast;Soybeans;33.22;1728.88;28.88;2.115;1;64.2;35.8
2018;Australia;Victoria;Coffee;19.92;2593.55;Nis.34;Nis.28;10;29.39;48.22
2022;Nigeria;North West;Wheat;29.75;2615.64;17.59;936;7;19.21;55.84
2020;Nigeria;South West;Coffee;Mar.96;1451.61;27.46;14.400.000.000.000.000;4;61.95;52.06
2024;Australia;New South Wales;Soybeans;22.47;2261.66;Eki.48;Mar.36;4;44.44;38.23
2022;Russia;Volga;Cotton;23.34;974.87;1.Şub;3.Nis;6;50.3;79.66
2020;USA;South;Sugarcane;Kas.13;1655.03;9.Oca;Nis.21;4;27.May;78.32
2016;China;Central;Vegetables;-0.11;2707.78;Kas.69;0.68;10;49.0;50.68
2022;Nigeria;North West;Fruits;Eyl.54;2534.93;Eki.37;2.Nis;1;22.66;42.11
2014;Australia;Western Australia;Fruits;Mar.92;348.6;Ağu.61;Şub.16;5;25.35;74.07
2016;China;Central;Soybeans;24.82;2327.73;18.26;2.115;6;85.58;51.7
2024;Nigeria;South East;Barley;17.13;1066.37;17.Oca;3.411;4;13.23;62.33
2022;Australia;Victoria;Barley;Haz.66;2314.03;18.86;1.449;6;79.25;42.49
2018;USA;West;Cotton;31.92;1694.55;25.29;19.620.000.000.000.000;1;77.56;93.76
2024;Brazil;Northeast;Cotton;31.93;374.67;5.Ara;2.259;8;58.86;31.97
2024;Australia;Western Australia;Cotton;-3.31;1560.5;Haz.98;Oca.45;2;69.08;40.99
2016;China;Central;Rice;9.Haz;2159.12;2.Mar;Şub.71;9;88.06;32.32
2014;USA;South;Cotton;24.17;829.01;Nis.72;Oca.21;0;56.37;40.02
2018;Australia;Western Australia;Cotton;33.54;2429.78;28.75;1.161;4;19.24;66.14
2024;Brazil;Northeast;Vegetables;18.66;2056.69;22.62;36.630.000.000.000.000;5;97.5;99.86
2020;Brazil;South;Wheat;Eki.27;1782.92;27.Tem;3.825;0;62.88;30.Nis
2022;China;Central;Wheat;12.Tem;1689.04;27.15;2.538;8;78.66;62.41
2014;Australia;Queensland;Fruits;21.53;396.7;26.97;33.480.000.000.000.000;3;95.32;66.2
2024;Russia;Volga;Rice;21.32;1591.81;19.16;Oca.26;0;71.04;45.34
2018;Russia;Central;Coffee;18.74;1513.0;Eki.85;4.Eyl;3;73.57;83.95
2018;China;East;Cotton;27.45;1996.13;20.55;29.160.000.000.000.000;4;40.77;79.77
2018;Brazil;Northeast;Fruits;14.79;2613.62;26.29;2.196;8;75.7;98.49
2018;Russia;Siberian;Cotton;22.48;2899.26;14.28;0.87;0;28.79;61.37
2024;Russia;Central;Barley;33.41;2135.98;17.67;2.493;2;30.74;43.2
2016;Australia;Victoria;Sugarcane;Eyl.45;2094.43;14.61;Oca.14;6;68.33;58.12
2014;Australia;Queensland;Rice;0.45;1721.56;May.78;1.May;0;13.47;92.52
2018;Australia;Queensland;Sugarcane;33.04;364.49;20.May;765;7;46.14;88.18
2014;USA;West;Wheat;Ağu.97;1588.99;Şub.64;Oca.94;3;47.19;60.88
2020;Nigeria;North Central;Vegetables;19.Ağu;2321.02;13.Tem;3.Şub;9;65.03;65.83
2020;China;South;Cotton;29.82;2690.69;27.16;2.871;1;18.93;30.64
2022;USA;South;Coffee;Nis.17;2488.56;14.72;Şub.51;2;84.9;37.2
2020;Brazil;Northeast;Cotton;-4.4;2744.13;17.37;0.9450000000000001;0;24.21;52.4
2020;China;South;Cotton;Kas.26;955.41;26.Eyl;39.600.000.000.000.000;2;73.5;39.7
2020;Australia;Queensland;Vegetables;Eyl.71;272.15;26.21;1.053;4;28.84;44.21
2018;Brazil;South;Rice;Mar.15;584.39;26.Tem;1.845;7;15.86;39.79
2024;USA;Northeast;Rice;27.46;1169.7;29.39;14.669.999.999.999.900;3;61.35;93.39
2022;Brazil;North;Cotton;Oca.46;2488.69;1.May;Oca.33;3;78.97;88.91
2018;Australia;Queensland;Vegetables;30.31;2245.84;Haz.86;0.86;9;63.97;46.86
2020;USA;Midwest;Vegetables;Mar.27;1595.53;Eyl.34;Şub.26;9;69.6;30.33
2018;Brazil;North;Wheat;34.84;320.88;18.75;3.483;10;50.49;72.3
2018;Russia;Central;Coffee;28.89;1578.24;16.Oca;765;6;86.16;52.52
2024;Brazil;South;Cotton;16.Nis;731.59;Tem.35;4.Ara;5;53.5;75.45
2020;USA;Northeast;Wheat;33.7;1332.34;Tem.64;Oca.19;5;29.Ağu;57.57
2016;China;East;Wheat;Ağu.94;1988.73;25.92;1.341;5;98.54;77.63
2018;China;North;Corn;May.65;1431.49;22.76;0.8190000000000001;7;94.1;89.5
2024;Australia;New South Wales;Fruits;19.Kas;1421.68;18.94;35.370.000.000.000.000;3;75.64;78.57
2024;Russia;Central;Coffee;Eyl.83;2364.11;25.25;1.566;5;92.86;98.12
2014;China;East;Barley;20.64;2141.7;28.Ağu;3.132;5;18.43;69.78
2022;USA;Midwest;Sugarcane;-4.14;2380.88;Ara.94;Oca.66;0;28.93;32.23
2020;Nigeria;South East;Wheat;22.63;748.11;16.39;1.683;8;50.25;89.43
2014;Brazil;Southeast;Corn;28.46;1281.74;1.Ara;Oca.58;4;57.34;80.24
2024;Brazil;North;Cotton;Kas.94;344.09;21.56;1.395;0;Eki.71;45.63
2016;Australia;New South Wales;Cotton;15.95;1127.5;Mar.17;Mar.22;9;44.28;89.2
2022;USA;Northeast;Barley;-0.16;2429.07;29.Ağu;1.125;1;10.Ara;44.31
2018;Brazil;South;Cotton;7.Mar;2848.8;28.58;2.358;6;72.77;66.96
2024;Nigeria;South East;Soybeans;-0.38;2350.41;24.58;2.178;7;66.02;97.32
2014;USA;West;Corn;Eki.94;1439.58;26.Haz;1.935;4;58.01;79.03
2020;China;North;Sugarcane;30.22;1330.95;18.86;0.9;1;54.23;89.49
2018;China;Central;Rice;Kas.54;2884.58;25.65;2.394;0;20.92;57.66
2020;Australia;Queensland;Fruits;0.93;2603.79;Eki.46;1.Oca;9;90.75;97.85
2020;USA;West;Sugarcane;29.64;1504.88;29.46;2.529;2;13.46;69.0
2022;Nigeria;South East;Rice;-1.0;1834.79;14.96;0.53;10;88.28;74.25
2024;Australia;Victoria;Cotton;32.89;870.49;29.32;19.620.000.000.000.000;6;22.22;78.66
2022;China;North;Cotton;Mar.47;763.79;11.Haz;1.Ağu;2;21.77;45.95
2024;Russia;Volga;Sugarcane;17.28;1876.84;24.39;2.538;9;29.26;94.56
2024;Australia;New South Wales;Soybeans;28.43;604.4;24.Eyl;864;3;43.36;56.35
2014;USA;South;Barley;-0.56;910.32;17.Haz;1.593;7;82.02;56.08
2016;China;South;Barley;28.Ağu;1960.38;Ara.83;Şub.42;4;41.08;64.31
2020;Australia;New South Wales;Soybeans;34.14;1696.94;Eki.68;Mar.83;2;60.1;55.02
2024;Australia;Victoria;Cotton;1.Şub;782.84;23.38;1.773;5;46.78;97.1
2014;Brazil;South;Fruits;Haz.56;2451.44;Mar.87;2.0;6;26.33;61.32
2016;USA;Midwest;Rice;14.16;2976.15;16.61;3.204;4;87.72;71.71
2018;Australia;Victoria;Vegetables;25.22;2824.28;9.Ağu;0.9;1;29.61;41.63
2022;Russia;Siberian;Soybeans;1.Oca;1750.19;Oca.73;Oca.32;10;83.6;55.61
2014;USA;West;Corn;31.04;2440.29;27.54;2.511;9;57.43;64.29
2024;Brazil;Southeast;Sugarcane;16.49;230.35;Eki.54;21.510.000.000.000.000;0;39.56;40.63
2018;Russia;Volga;Corn;32.93;2920.8;6.Oca;Mar.33;5;Ara.31;73.31
2024;Brazil;North;Soybeans;29.68;1142.36;Ara.95;Mar.76;1;96.21;41.17
2020;Australia;New South Wales;Sugarcane;13.19;1075.5;13.Şub;2.Ağu;4;27.58;86.09
2014;Russia;Siberian;Sugarcane;Eyl.45;2824.79;Mar.47;Oca.78;3;89.44;53.44
2020;USA;Northeast;Barley;26.61;1469.19;19.82;2.124;8;76.32;97.6
2014;USA;West;Vegetables;-1.11;1693.36;0.81;0.57;9;40.65;53.51
2018;USA;South;Coffee;Ara.57;2624.98;18.54;4.167;6;83.19;91.69
2020;Australia;New South Wales;Corn;4.Şub;2014.34;27.31;Şub.61;4;44.4;47.41
2018;Australia;Queensland;Rice;1.Ağu;1881.28;28.31;1.863;9;66.69;93.65
2014;Russia;Siberian;Rice;20.54;2467.88;21.92;3.042;5;58.66;66.65
2018;USA;Northeast;Rice;14.Mar;2323.3;May.44;Nis.28;1;85.88;81.21
2022;China;South;Coffee;0.52;335.25;13.46;2.178;0;Kas.79;64.61
2020;USA;Northeast;Cotton;26.96;1679.2;May.14;Şub.65;5;84.84;92.48
2022;Brazil;Northeast;Cotton;32.49;1859.75;28.Mar;28.800.000.000.000.000;5;75.18;60.01
2020;Nigeria;South East;Rice;23.64;1892.69;Ağu.43;Mar.56;8;73.05;35.52
2016;Nigeria;North Central;Corn;31.9;1197.21;Ara.93;3.Haz;9;16.Nis;39.49
2018;Australia;Queensland;Fruits;13.Ara;1538.19;16.76;22.769.999.999.999.900;5;39.34;37.01
2016;Russia;Siberian;Soybeans;18.14;1858.13;10.Mar;Nis.76;3;89.75;59.3
2020;Brazil;Northeast;Vegetables;27.78;708.79;21.69;24.120.000.000.000.000;0;25.94;48.73
2016;USA;Northeast;Corn;33.59;1069.59;Mar.32;Mar.77;3;75.75;61.48
2024;USA;West;Barley;-0.66;2376.99;20.52;22.230.000.000.000.000;1;90.56;93.07
2020;USA;Northeast;Barley;-4.56;2907.56;13.May;Oca.46;7;89.73;37.72
2022;Nigeria;South East;Barley;26.52;643.44;24.48;1.269;0;61.75;59.31
2022;Australia;Victoria;Corn;21.23;1546.03;Şub.18;Şub.93;3;43.77;77.63
2018;Russia;Northwestern;Cotton;16.31;1763.49;6.Ara;2.0;2;63.39;43.24
2016;USA;West;Corn;Mar.88;1951.14;10.0;Oca.44;10;32.87;44.83
2024;Brazil;Northeast;Barley;27.41;396.84;18.45;3.159;0;64.28;79.72
2024;Brazil;North;Sugarcane;7.Şub;2217.62;3.Nis;Oca.35;9;39.63;84.33
2024;Russia;Central;Fruits;-1.98;1643.83;19.78;0.8190000000000001;1;80.06;59.5
2022;Brazil;North;Fruits;Ara.88;1304.68;21.67;2.421;5;72.06;55.81
2014;USA;West;Wheat;25.19;688.64;21.34;31.410.000.000.000.000;1;44.68;87.48
2018;Australia;New South Wales;Corn;Nis.32;554.33;23.47;2.556;0;91.52;65.89
2014;Australia;New South Wales;Soybeans;26.56;1870.65;Eki.49;1.Mar;2;15.95;94.42
2018;China;South;Wheat;20.Haz;1202.44;26.94;3.339;2;42.68;55.37
2020;Brazil;Southeast;Wheat;-1.08;2056.02;29.65;2.682;6;15.39;38.27
2024;Australia;New South Wales;Corn;16.21;2428.05;19.43;24.120.000.000.000.000;1;54.9;59.73
2014;Brazil;Northeast;Wheat;-4.94;2072.54;Tem.58;1.Eyl;4;57.31;45.75
2018;China;East;Coffee;Ağu.53;2434.59;17.65;1.035;0;99.7;48.78
2024;Nigeria;South West;Coffee;-1.43;2390.42;16.52;675;3;73.3;97.52
2024;USA;Midwest;Barley;26.66;898.57;16.Ağu;2.898;7;74.5;70.86
2014;Nigeria;North West;Sugarcane;-0.68;1270.58;7.Eyl;Şub.93;1;Eki.82;37.58
2022;Australia;New South Wales;Wheat;Eyl.96;1091.31;18.92;774;9;32.36;33.39
2022;Australia;Western Australia;Rice;14.93;2953.54;Mar.66;2.Kas;2;92.94;65.31
2014;Russia;Siberian;Wheat;17.85;2377.78;13.0;Mar.44;9;32.25;94.87
2014;Russia;Siberian;Corn;-3.44;1528.69;15.Ağu;783;3;59.09;88.99
2020;Russia;Siberian;Coffee;Ara.38;596.13;27.64;19.620.000.000.000.000;7;94.44;71.73
2014;USA;West;Cotton;Mar.45;617.32;20.53;2.097;1;95.6;96.98
2020;Brazil;North;Soybeans;23.28;2170.17;23.52;22.230.000.000.000.000;0;62.77;80.96
2020;Australia;New South Wales;Rice;Mar.33;2823.76;Ağu.24;Oca.92;9;48.61;95.39
2016;Nigeria;South East;Vegetables;20.89;1710.17;14.74;Mar.78;7;Kas.55;80.75
2018;Russia;Northwestern;Corn;32.04;1742.68;13.87;Mar.94;6;63.46;43.6
2022;USA;Midwest;Vegetables;18.92;740.66;16.Nis;2.475;4;27.51;62.97
2016;Brazil;Northeast;Corn;-2.75;2838.43;13.91;1.Eyl;3;47.04;48.99
2014;Australia;Queensland;Vegetables;17.44;304.0;19.73;37.710.000.000.000.000;9;22.97;67.8
2018;USA;Northeast;Sugarcane;30.86;1723.81;23.63;1.341;8;55.61;30.Nis
2022;Nigeria;South West;Sugarcane;19.59;2514.47;Eki.47;4.Ağu;0;44.06;91.73
2016;Nigeria;South West;Soybeans;24.52;971.38;25.32;1.602;5;88.79;34.75
2018;USA;West;Coffee;Şub.67;489.64;28.Nis;2.034;3;74.25;82.23
2016;Brazil;Southeast;Coffee;-2.34;1062.84;14.94;Şub.19;6;91.15;64.6
2024;China;South;Coffee;28.Oca;2720.88;Kas.76;Mar.72;9;92.86;94.67
2014;Nigeria;North West;Vegetables;29.84;1125.87;25.Eyl;3.384;7;26.Oca;92.74
2016;Nigeria;North Central;Vegetables;27.66;940.42;Ağu.86;2.May;10;60.67;89.87
2024;Russia;Siberian;Soybeans;-2.01;268.86;Oca.24;1.584;8;30.97;36.17
2024;Nigeria;North West;Rice;0.7;472.59;Kas.18;2.205;2;62.78;98.47
2024;Russia;Volga;Coffee;-4.51;1755.87;Nis.65;Oca.47;6;66.46;92.23
2016;Nigeria;North West;Cotton;Mar.55;228.6;Eki.36;2.457;4;25.52;87.96
2016;Australia;New South Wales;Barley;-0.98;1148.11;25.Tem;864;1;67.17;49.0
2022;Australia;New South Wales;Rice;-2.88;1431.14;18.Oca;1.431;0;98.49;72.1
2020;Australia;Victoria;Cotton;16.47;2884.25;26.14;23.400.000.000.000.000;9;95.12;98.91
2020;Russia;Central;Wheat;Haz.87;862.59;20.69;0.5040000000000001;9;77.21;98.62
2018;Australia;New South Wales;Barley;29.97;953.92;27.56;1.845;5;30.Nis;37.5
2016;Russia;Siberian;Corn;25.74;2239.72;14.77;1.Kas;0;31.58;92.0
2018;Brazil;South;Soybeans;Kas.29;1939.07;28.44;2.952;7;79.37;34.6
2020;Brazil;North;Coffee;9.Haz;285.16;24.93;2.583;0;20.69;34.06
2022;China;South;Fruits;22.39;2280.55;22.39;0.9450000000000001;1;93.29;39.24
2018;Brazil;North;Wheat;14.28;2994.39;18.Şub;14.580.000.000.000.000;4;72.3;66.42
2020;Russia;Northwestern;Rice;30.87;2880.95;22.Ağu;1.872;0;86.7;47.81
2014;Australia;Queensland;Cotton;May.32;1259.43;25.95;549;8;71.35;96.17
2018;Brazil;Southeast;Rice;16.64;797.11;13.85;Şub.97;4;47.82;58.31
2018;Nigeria;North West;Cotton;10.Mar;1795.86;29.Ağu;3.384;10;47.97;85.43
2024;Brazil;South;Coffee;-3.99;1537.1;Eki.85;0.72;8;93.0;64.58
2020;Brazil;Southeast;Vegetables;32.93;983.43;Haz.18;Şub.27;10;55.38;86.15
2014;Australia;New South Wales;Corn;17.Oca;836.33;13.24;3.Oca;6;50.79;38.87
2016;China;South;Barley;17.Eyl;1612.28;16.13;2.745;4;13.78;70.46
2016;Nigeria;North West;Rice;-3.21;2354.09;9.Nis;Oca.67;9;66.07;98.57
2022;Nigeria;North West;Sugarcane;24.Nis;1915.16;24.13;3.087;3;70.99;50.15
2014;Nigeria;South West;Corn;17.56;2646.14;Kas.55;4.Mar;4;31.52;88.84
2024;China;South;Corn;Kas.18;2871.25;15.95;2.367;4;21.79;82.93
2014;Australia;Western Australia;Wheat;13.47;2132.82;12.Eyl;2.Nis;10;53.37;85.47
2016;Brazil;South;Sugarcane;28.79;1722.96;Şub.61;Mar.89;7;85.81;36.86
2018;USA;Midwest;Fruits;Ara.39;1018.74;26.64;1.755;8;99.79;66.82
2020;China;South;Soybeans;Haz.71;2395.94;28.0;Şub.52;3;28.23;99.14
2022;China;South;Rice;14.72;2519.85;17.57;3.204;9;24.0;93.21
2020;Nigeria;North Central;Cotton;-3.18;1365.68;24.43;1.665;0;99.11;66.59
2016;Australia;Western Australia;Fruits;33.05;1909.78;20.36;2.367;10;30.2;66.58
2016;Nigeria;South East;Cotton;29.Tem;2491.86;Haz.26;Şub.73;1;51.77;55.8
2018;USA;Northeast;Cotton;27.28;1518.57;Ara.51;Mar.43;8;98.3;38.94
2014;Russia;Northwestern;Corn;27.76;1033.54;19.56;1.143;10;Eki.73;54.29
2024;Australia;Victoria;Coffee;14.33;1179.71;16.Oca;2.295;3;70.54;98.05
2022;Nigeria;South East;Corn;Ağu.69;697.11;12.Ara;Oca.92;4;34.57;68.41
2022;USA;South;Vegetables;-4.84;2878.56;3.Oca;Oca.92;6;51.2;46.41
2014;Australia;New South Wales;Vegetables;Ara.56;1065.76;Tem.35;Oca.51;9;59.13;74.74
2022;Australia;Queensland;Corn;11.Haz;1285.08;May.87;Nis.46;2;94.3;96.89
2022;China;Central;Rice;7.Ağu;977.07;19.65;1.539;7;63.15;61.35
2016;Nigeria;South West;Fruits;19.64;2806.55;11.Tem;Mar.72;10;Eki.97;60.34
2018;Russia;Siberian;Vegetables;9.Nis;1094.43;20.74;1.395;8;28.72;60.16
2024;Australia;Queensland;Sugarcane;16.88;2470.62;28.58;41.850.000.000.000.000;10;73.91;73.06
2020;USA;West;Corn;0.48;2394.76;16.Eyl;1.296;1;90.73;58.25
2020;China;North;Wheat;-0.99;696.4;29.Eyl;0.7020000000000001;9;Ara.81;33.01
2022;USA;Northeast;Fruits;17.35;244.4;11.Mar;16.740.000.000.000.000;8;82.57;30.61
2020;Nigeria;South West;Sugarcane;19.73;907.69;29.May;1.791;6;95.26;94.77
2024;Australia;Queensland;Cotton;33.56;1174.87;Haz.51;0.81;5;29.35;80.03
2022;China;Central;Cotton;32.39;1492.1;15.18;3.294;5;17.35;94.83
2016;Brazil;South;Corn;14.76;631.73;19.85;2.637;5;57.57;55.02
2022;China;East;Vegetables;23.38;2772.27;Eyl.77;3.Şub;9;47.24;90.0
2016;USA;South;Soybeans;17.84;1378.85;20.58;2.853;8;Ara.61;82.5
2018;China;North;Soybeans;32.46;837.56;1.Tem;0.86;3;87.34;31.May
2024;China;Central;Soybeans;-1.58;1080.12;May.63;Oca.61;8;49.41;83.77
2020;Russia;Volga;Barley;20.76;1670.58;Ağu.18;Şub.75;2;62.57;31.41
2024;Brazil;Northeast;Wheat;15.Haz;2099.42;22.36;17.009.999.999.999.900;0;88.51;65.31
2018;Australia;Victoria;Fruits;21.77;399.71;18.51;2.493;6;26.43;92.79
2022;Australia;Queensland;Coffee;-2.36;2257.09;8.Ağu;Oca.81;2;54.53;86.28
2014;Russia;Central;Wheat;34.63;1800.93;14.49;Mar.91;2;64.19;86.54
2016;Brazil;North;Wheat;26.22;268.1;Haz.47;34.379.999.999.999.900;1;39.36;85.02
2014;China;South;Soybeans;Tem.25;772.7;16.37;2.493;6;85.36;85.04
2014;China;East;Cotton;29.57;2871.61;29.41;1.512;2;18.56;65.2
2020;USA;Northeast;Rice;-0.02;1175.62;28.16;1.899;6;65.45;86.26
2016;Brazil;North;Wheat;1.Oca;1349.64;Şub.64;0.59;10;20.72;93.72
2020;USA;West;Corn;29.55;2463.41;Şub.43;Şub.94;9;52.76;90.83
2024;Australia;New South Wales;Sugarcane;30.48;1413.98;19.24;2.259;9;62.04;40.57
2024;China;South;Cotton;32.46;1339.27;13.36;Oca.16;5;76.19;95.7
2020;Russia;Northwestern;Sugarcane;May.96;468.59;24.24;23.129.999.999.999.900;1;56.87;49.73
2014;Australia;Western Australia;Coffee;19.47;1972.06;Ağu.63;Mar.51;9;65.27;73.98
2018;Russia;Northwestern;Fruits;23.21;2446.01;Eyl.55;Oca.71;10;91.04;34.31
2014;Nigeria;North West;Sugarcane;11.May;535.11;29.97;1.449;2;41.03;60.17
2024;Australia;New South Wales;Soybeans;Tem.18;1445.99;21.67;648;5;35.96;94.2
2016;Russia;Siberian;Barley;Ağu.89;1420.92;17.71;2.646;9;37.23;81.56
2016;Nigeria;South West;Fruits;-2.96;602.78;22.23;0.8280000000000001;4;81.13;68.89
2022;China;South;Soybeans;-3.35;1009.48;May.28;0.84;9;79.83;44.87
2018;China;South;Barley;Eki.62;1993.27;23.16;19.620.000.000.000.000;3;86.68;94.63
2018;USA;South;Fruits;20.94;2239.06;16.86;1.836;8;28.79;35.38
2016;China;North;Sugarcane;Eki.83;2769.14;11.Tem;Nis.45;2;31.16;86.13
2018;Nigeria;South West;Vegetables;28.Haz;1754.85;Ara.95;1.Nis;7;67.9;77.06
2022;USA;Midwest;Sugarcane;Oca.13;2695.88;Ara.28;1.Tem;9;96.51;94.66
2014;USA;Northeast;Sugarcane;-1.75;2438.63;3.Ağu;Oca.43;4;70.34;94.38
2016;Nigeria;North West;Vegetables;29.56;672.54;26.47;2.781;2;14.17;30.Haz
2016;China;North;Vegetables;Ara.31;2378.44;22.96;19.800.000.000.000.000;2;81.61;33.34
2024;Russia;Volga;Fruits;May.27;374.45;Oca.19;2.133;4;76.17;44.72
2024;Australia;Queensland;Rice;8.Şub;1609.77;26.Oca;12.240.000.000.000.000;2;96.17;53.16
2020;Australia;Western Australia;Sugarcane;18.35;2990.14;17.Ara;3.Haz;5;68.26;50.92
2016;China;Central;Rice;Kas.14;2275.55;29.Oca;3.654;5;13.46;60.68
2020;Nigeria;South East;Coffee;Ağu.91;1829.47;22.Mar;1.143;5;71.59;30.69
2014;Australia;Victoria;Vegetables;25.Ağu;735.43;15.36;19.800.000.000.000.000;10;37.74;36.99
2020;China;East;Barley;May.72;1381.47;26.98;1.098;2;89.66;94.3
2020;China;North;Sugarcane;Mar.74;2757.34;24.Tem;2.025;7;37.56;99.28
2024;USA;Northeast;Barley;May.21;554.49;17.Mar;14.669.999.999.999.900;4;88.16;93.33
2022;Nigeria;North Central;Corn;14.32;1339.62;21.Haz;4.437;3;53.12;55.85
2022;Nigeria;North Central;Coffee;-2.85;2297.04;Oca.37;Şub.16;5;77.76;74.34
2020;Nigeria;North Central;Sugarcane;18.Haz;237.57;23.62;4.482;2;38.15;70.53
2020;USA;South;Wheat;24.99;2154.38;15.91;774;10;24.Nis;42.67
2024;USA;Northeast;Fruits;11.Şub;2647.11;16.28;3.222;9;34.95;68.9
2016;Australia;New South Wales;Coffee;23.68;1573.76;16.14;1.665;2;69.41;56.84
2014;Australia;Western Australia;Barley;0.71;1917.96;Eki.82;0.75;5;73.0;68.04
2016;China;South;Fruits;Ara.74;536.52;Oca.92;Mar.99;1;64.12;80.03
2022;China;East;Rice;-4.36;2737.03;23.84;1.764;4;67.88;33.67
2024;Nigeria;South East;Coffee;24.81;1723.91;May.87;0.92;0;30.66;65.8
2014;Brazil;Northeast;Corn;22.Mar;1043.98;Tem.75;Oca.49;1;14.68;32.07
2020;China;East;Coffee;9.May;999.94;Tem.17;Şub.64;6;39.7;67.43
2018;Australia;Queensland;Rice;34.83;606.55;20.19;Mar.15;8;92.43;82.04
2024;Brazil;Southeast;Barley;26.91;1618.59;23.Nis;1.395;6;14.46;66.1
2014;Russia;Siberian;Vegetables;25.82;542.18;Ağu.97;Oca.51;2;86.06;70.91
2020;Brazil;South;Rice;15.Şub;1327.56;Ağu.37;4.May;7;43.12;45.01
2016;Brazil;Northeast;Wheat;14.85;2172.68;13.53;Mar.92;0;18.74;70.63
2016;USA;Northeast;Fruits;28.38;1918.25;13.56;Oca.25;8;66.66;69.64
2016;Brazil;Southeast;Soybeans;Şub.47;530.53;Oca.58;Oca.98;0;73.21;59.88
2018;USA;Northeast;Wheat;-2.39;1662.98;Mar.45;Oca.29;2;44.76;94.76
2020;Russia;Volga;Sugarcane;30.59;2783.48;26.17;2.106;9;45.59;43.38
2024;Russia;Northwestern;Coffee;27.Nis;1520.08;Kas.59;Şub.31;10;83.63;85.23
2024;Russia;Volga;Barley;22.Eyl;1837.32;17.Haz;2.421;3;40.41;34.91
2020;China;Central;Coffee;-0.42;2258.71;21.42;549;6;98.32;57.37
2020;Nigeria;South East;Vegetables;24.Oca;2667.3;21.98;30.690.000.000.000.000;0;57.26;61.27
2018;China;Central;Corn;-0.33;2965.94;Ağu.56;0.73;6;50.02;43.99
2016;Nigeria;South East;Corn;Tem.34;879.77;Haz.87;1.Şub;4;68.48;56.71
2024;Brazil;Northeast;Wheat;17.Nis;450.84;Oca.47;4.401;2;66.74;91.68
2020;USA;Midwest;Rice;Nis.66;630.53;Ağu.77;Oca.65;9;32.22;60.68
2024;Australia;Queensland;Vegetables;Ağu.67;2363.56;19.39;1.629;7;42.89;73.74
2018;Russia;Siberian;Rice;18.18;1881.44;19.32;3.303;0;49.07;70.43
2020;China;East;Vegetables;13.85;1643.19;Ara.73;Mar.43;0;93.72;44.18
2018;Australia;New South Wales;Sugarcane;33.16;826.8;23.71;2.286;2;69.03;33.07
2024;Australia;Victoria;Vegetables;Ara.83;362.02;1.Oca;Şub.43;6;40.43;95.31
2020;China;South;Coffee;Ara.98;252.42;23.64;1.836;3;61.37;76.05
2024;Australia;Victoria;Rice;27.19;531.93;19.76;2.475;4;96.79;87.6
2024;Nigeria;South East;Rice;20.49;2854.67;May.16;Oca.48;7;31.6;50.17
2022;USA;South;Sugarcane;9.Haz;204.89;23.68;1.845;4;79.33;38.75
2018;Brazil;North;Vegetables;19.46;2772.97;Mar.69;Oca.75;8;97.42;97.73
2018;Nigeria;South East;Vegetables;24.51;1066.04;14.56;Mar.53;7;71.94;36.5
2018;Russia;Siberian;Cotton;30.41;2515.68;14.Ağu;2.Haz;9;57.75;46.03
2022;China;East;Wheat;-0.33;1478.74;Eyl.55;0.57;2;36.9;88.87
2020;China;North;Fruits;29.14;1669.05;24.17;24.480.000.000.000.000;2;55.35;78.02
2018;Brazil;North;Corn;Şub.83;2647.85;Ağu.95;0.71;8;37.23;81.11
2020;Nigeria;South West;Corn;25.66;2212.03;27.86;Şub.61;5;15.58;92.06
2018;China;North;Coffee;20.93;371.19;13.46;24.480.000.000.000.000;4;47.01;53.7
2020;Australia;Queensland;Corn;22.18;862.86;May.27;Oca.13;9;76.0;80.0
2018;Australia;Victoria;Coffee;17.46;2750.05;Eyl.97;Şub.54;8;83.62;50.36
2024;Russia;Northwestern;Fruits;34.17;2767.86;22.94;2.637;2;32.42;87.36
2022;Australia;Queensland;Soybeans;31.64;2941.85;14.13;1.Haz;7;40.79;39.69
2014;Nigeria;South West;Fruits;26.Nis;2138.14;4.May;Oca.91;1;62.56;46.42
2020;Australia;Victoria;Vegetables;-0.78;1577.21;Tem.21;1.Eyl;1;71.91;43.3
2020;USA;West;Fruits;17.74;419.63;25.35;2.205;10;45.91;40.1
2016;China;Central;Rice;22.Oca;2740.6;Tem.59;Mar.68;4;93.79;30.71
2020;China;North;Vegetables;17.Eyl;1863.65;Eyl.49;Nis.94;9;99.48;62.42
2014;USA;Midwest;Barley;Tem.74;1710.33;17.25;0.5760000000000001;7;79.74;39.35
2016;USA;South;Cotton;Ağu.95;1774.36;0.76;Oca.92;4;55.76;62.06
2016;Brazil;North;Corn;Haz.46;1370.33;27.77;1.845;10;68.13;39.33
2018;Russia;Siberian;Corn;13.66;848.46;Ara.17;Nis.99;8;93.6;59.16
2022;Australia;Western Australia;Wheat;Nis.27;1077.63;5.Tem;0.95;9;56.0;57.34
2022;Brazil;Northeast;Barley;0.69;2963.56;29.39;Oca.26;9;23.Ağu;63.96
2014;China;North;Fruits;14.65;2143.88;1.Haz;Şub.47;2;61.92;70.82
2016;Australia;Victoria;Corn;-0.27;2838.2;Ara.44;Oca.43;10;71.81;89.36
2024;Australia;Queensland;Soybeans;20.22;2998.47;Ara.81;Mar.21;1;30.Nis;64.11
2016;Nigeria;South East;Wheat;28.54;1801.23;Şub.67;Şub.13;2;38.2;52.66
2022;Brazil;North;Rice;Eki.37;539.92;0.85;Mar.21;6;37.46;98.29
2014;Australia;Victoria;Wheat;20.23;1578.95;Nis.73;2.Şub;0;65.41;75.29
2020;China;East;Wheat;32.28;298.17;Ara.96;2.556;7;65.98;66.74
2022;Nigeria;South East;Cotton;0.07;2892.14;17.31;0.6120000000000001;4;82.47;68.0
2022;Australia;Victoria;Wheat;13.99;2473.53;26.Eyl;2.385;1;42.14;39.55
2014;China;South;Coffee;0.28;1547.72;Eki.25;Şub.76;10;64.27;75.36
2022;Australia;Victoria;Corn;-3.4;1652.81;25.75;1.791;0;55.33;48.37
2024;Nigeria;South East;Vegetables;-4.06;1174.19;Haz.43;Oca.22;7;71.74;40.45
2016;Nigeria;South West;Corn;33.74;2251.09;29.66;1.017;2;50.45;30.84
2016;Nigeria;North Central;Fruits;28.65;2348.9;Nis.94;Oca.21;6;95.47;69.16
2020;Russia;Siberian;Barley;-2.97;947.32;26.15;26.910.000.000.000.000;9;21.91;85.94
2020;China;Central;Fruits;Eki.68;1403.68;11.May;Nis.82;6;33.83;78.45
2020;Russia;Central;Rice;17.35;236.06;Ağu.32;2.619;6;Eki.57;85.85
2024;China;North;Sugarcane;-4.04;909.43;Mar.46;Oca.71;8;25.43;63.48
2024;Nigeria;South East;Rice;-2.55;1906.34;Ara.95;Oca.61;6;40.92;84.86
2014;Brazil;Northeast;Rice;Ara.75;1168.22;Oca.33;Nis.42;5;32.24;62.28
2022;Australia;Queensland;Wheat;31.78;1165.89;0.9;Şub.91;9;14.Kas;93.57
2016;Nigeria;South West;Vegetables;May.38;269.88;8.Kas;2.Tem;10;46.62;42.24
2014;Russia;Northwestern;Coffee;14.49;1884.53;8.0;Şub.73;5;73.07;87.07
2020;Australia;Victoria;Vegetables;7.May;2313.43;21.Kas;0.81;8;80.27;65.35
2014;Australia;Queensland;Fruits;30.71;1940.83;Eki.41;Şub.69;6;25.59;97.15
2018;Nigeria;North West;Fruits;0.13;2621.58;17.75;22.680.000.000.000.000;2;32.43;51.31
2018;Nigeria;North Central;Corn;33.58;1025.63;Kas.84;Mar.96;1;79.18;99.32
2024;Russia;Volga;Fruits;Eyl.59;961.12;0.86;Oca.32;10;75.73;49.95
2020;Brazil;Southeast;Wheat;4.Ara;2763.39;26.48;531;5;12.Eyl;66.05
2024;USA;West;Coffee;24.31;651.75;Eki.69;Mar.46;10;99.91;38.74
2016;Australia;New South Wales;Coffee;27.Tem;1310.81;Nis.79;Oca.22;2;76.36;38.74
2022;Nigeria;South West;Wheat;34.69;837.61;Kas.34;Şub.75;10;17.69;90.41
2016;Russia;Northwestern;Wheat;21.17;1573.55;Nis.77;Şub.78;1;78.29;67.5
2020;Australia;Queensland;Soybeans;24.58;1153.19;Ara.58;Mar.93;6;89.65;57.72
2016;Brazil;Northeast;Vegetables;Mar.56;785.72;22.35;2.295;10;89.97;59.68
2022;Australia;New South Wales;Barley;-0.03;330.32;16.18;1.764;3;28.61;97.37
2024;USA;West;Sugarcane;27.Oca;2191.06;Eki.15;Oca.19;4;34.65;53.45
2016;Brazil;South;Soybeans;16.78;1645.28;4.Nis;Şub.57;5;52.91;94.2
2022;Australia;New South Wales;Cotton;0.34;784.24;Ağu.14;Oca.94;3;86.57;33.81
2020;China;Central;Soybeans;Mar.89;2513.37;14.34;Şub.43;6;22.97;40.03
2020;Brazil;South;Corn;27.49;2268.03;17.71;1.314;1;86.78;34.05
2014;Nigeria;South East;Cotton;Kas.77;746.72;Şub.68;Şub.52;8;60.55;55.66
2024;USA;South;Cotton;Ara.76;914.81;26.52;1.611;2;13.22;60.91
2018;USA;Northeast;Rice;23.38;1120.79;Mar.38;Mar.78;0;98.95;39.16
2024;USA;Northeast;Sugarcane;28.85;1736.93;Eki.56;3.Ağu;4;14.57;96.2
2022;Australia;New South Wales;Cotton;13.Ağu;1797.31;29.58;Nis.41;1;87.84;47.93
2024;Russia;Central;Soybeans;Eki.15;1113.45;Kas.82;Oca.94;5;37.11;77.25
2014;China;Central;Rice;28.15;1823.08;14.83;Oca.86;5;52.61;30.77
2014;Australia;Victoria;Soybeans;Ağu.97;2542.62;10.May;Şub.72;7;27.43;97.3
2024;USA;South;Corn;Ağu.89;2323.33;20.52;2.205;1;95.23;50.16
2016;Brazil;North;Corn;24.88;1195.05;Ara.67;Mar.44;0;94.59;65.28
2016;China;North;Cotton;Mar.78;2743.78;Kas.78;1.Mar;6;95.17;94.25
2014;Nigeria;North West;Sugarcane;25.14;311.71;22.Nis;1.611;5;67.93;56.1
2018;Russia;Northwestern;Barley;22.May;2073.63;17.94;1.566;0;56.67;34.74
2022;Nigeria;South East;Soybeans;15.91;203.78;14.18;29.699.999.999.999.900;10;71.71;99.61
2016;China;South;Sugarcane;-1.16;2597.17;Mar.57;0.74;8;39.64;49.93
2024;China;North;Rice;-2.02;2057.49;Ağu.79;Şub.18;1;24.77;86.32
2020;Nigeria;South West;Corn;18.25;2637.61;14.39;Şub.51;1;48.65;74.36
2024;USA;Midwest;Coffee;20.71;1713.58;24.46;2.817;3;60.58;70.2
2016;Russia;Siberian;Vegetables;16.Tem;1457.56;20.96;2.034;7;96.49;34.96
2024;Nigeria;North Central;Rice;Ara.82;940.32;24.64;2.547;3;54.49;65.65
2018;Australia;Queensland;Sugarcane;0.01;2566.96;Nis.87;Oca.43;10;79.08;82.3
2016;Brazil;Southeast;Cotton;Haz.42;572.28;Eyl.91;2.Oca;6;45.78;42.92
2016;Russia;Volga;Soybeans;Şub.28;1678.37;24.86;2.394;3;66.77;43.55
2016;Russia;Siberian;Soybeans;23.38;1923.78;25.0;1.Ağu;6;42.86;36.64
2018;China;East;Vegetables;Mar.59;2160.69;25.43;2.385;4;80.44;43.42
2020;Nigeria;South West;Sugarcane;28.91;2888.38;Oca.42;Oca.32;8;59.65;49.4
2020;Australia;Western Australia;Cotton;-2.39;1299.45;17.32;2.196;3;81.24;54.94
2018;Russia;Volga;Cotton;0.3;2977.11;0.75;Oca.83;5;74.52;69.04
2018;Australia;Queensland;Coffee;34.5;1521.65;14.66;0.83;3;71.56;52.13
2022;USA;Northeast;Corn;30.May;2654.69;Mar.93;Oca.54;1;25.16;32.88
2020;Brazil;South;Soybeans;14.74;1324.22;9.Ara;Mar.54;0;26.93;44.91
2024;China;North;Fruits;34.64;2647.19;Nis.52;Şub.79;7;47.16;73.53
2020;Brazil;Southeast;Rice;17.54;708.55;Ağu.74;5.0;9;37.39;36.86
2022;China;Central;Vegetables;Eyl.91;2112.26;16.91;1.899;2;93.16;76.17
2014;Australia;Queensland;Rice;27.85;2947.64;13.44;Mar.31;3;50.5;48.55
2022;Nigeria;South West;Barley;28.63;1178.85;May.81;Mar.15;7;89.56;99.86
2022;USA;Northeast;Sugarcane;27.64;542.79;15.97;1.449;9;48.78;61.35
2016;Nigeria;North Central;Soybeans;Ara.85;356.53;16.87;Şub.79;6;86.03;66.54
2020;Brazil;Northeast;Sugarcane;4.Tem;1688.35;14.38;Oca.61;1;26.Oca;37.12
2018;China;Central;Cotton;15.55;2023.72;Haz.92;Mar.63;7;82.71;34.38
2020;Australia;Victoria;Coffee;24.15;1958.91;Tem.98;Mar.72;6;64.64;97.36
2016;Russia;Volga;Wheat;22.86;2092.03;23.24;Şub.61;3;96.75;92.01
2014;China;North;Coffee;26.57;539.27;Tem.69;Şub.82;3;38.99;53.86
2016;USA;Northeast;Sugarcane;24.58;1067.86;15.Haz;2.709;8;53.82;46.0
2018;Russia;Northwestern;Wheat;31.25;2722.72;20.Haz;864;0;13.56;41.27
2016;China;East;Barley;-3.44;2997.57;20.18;1.197;6;99.98;55.42